"SiO2","TiO2","Al2O3","Fe2O3T","Fe(II)O","MnO","MgO","CaO","Na2O","K2O","P2O5","Ag","As","Ba","Be","Bi","Cd","Ce","Cl","Co","Cr","Cs","Cu","Dy","Er","Eu","F","Ga","Gd","Ge","Hf","Ho","La","Li","Lu","Mo","Nb","Nd","Ni","Pb","Pr","Rb","S","Sb","Sc","Sm","Sn","Sr","Ta","Tb","Th","Tl","Tm","U","V","W","Y","Yb","Zn","Zr","Rest"
0.732420973696982,0.00225813436930705,0.108488629481926,0.0392719020749052,0.0318371328677304,0.000834527919091735,0.000294539265561789,0.00196359510374526,0.0351483523570401,0.0438863505687065,9.8179755187263e-05,3.70713301542465e-07,2.22979767485165e-06,2.59194553694374e-05,9.01267091514988e-06,3.11638575993757e-07,4.12566601991004e-07,0.000194395915270781,0.000110841076375964,2.94539265561789e-07,2.6508533900561e-05,6.47986384235936e-07,5.89078531123578e-06,1.9046872506329e-05,1.07997730705989e-05,1.17815706224716e-06,0.00116770458204946,3.09655342817859e-05,1.70832774025838e-05,1.50874442600625e-06,2.16977258963851e-05,4.02536996267778e-06,9.35653066934616e-05,1.64141314877376e-06,1.65923786266474e-06,1.865415348558e-06,7.55984114941925e-05,8.49254882369825e-05,1.96359510374526e-06,3.82901045230326e-05,2.29740627138195e-05,0.000166905583818347,6.23877189963411e-05,3.23993192117968e-07,2.94539265561789e-07,1.82614344648309e-05,1.10943123361607e-05,9.8179755187263e-06,5.79260555604852e-06,3.09266228839878e-06,2.30722424690068e-05,7.8602756084927e-07,1.87523332407672e-06,5.3017067801122e-06,4.90898775936315e-07,1.35488062158423e-06,0.000107015933154117,1.07997730705989e-05,0.000138433454814041,0.000957252613075814,2.00004013350963e-10
0.730369270988601,0.00225725520461406,0.110114797372912,0.0370974985801789,0.0318371328677304,0.000883273775718545,0.000294424591906182,0.00215911367397866,0.0357235171512834,0.0456358117454581,0.00016684060208017,3.70713301542465e-07,2.22979767485165e-06,1.47212295953091e-05,9.01267091514988e-06,3.11638575993757e-07,4.12566601991004e-07,0.000223762689848698,5.88849183812363e-05,7.51718000534147e-07,6.86990714447757e-06,7.57999999942639e-07,3.70477448294536e-06,1.79800770896948e-05,1.10782892841579e-05,1.11860527291452e-06,0.00117769836762473,3.43495357223879e-05,1.77356015808971e-05,1.17769836762473e-06,1.6684060208017e-05,3.92653180340227e-06,0.000105011437779871,1.64141314877376e-06,1.60234447717842e-06,1.96283061270788e-06,5.98663336875903e-05,9.22530387972702e-05,3.26253319336508e-06,3.04238744969721e-05,7.85132245083151e-06,0.000180580416369125,6.23877189963411e-05,3.10187872512093e-07,8.9634381306018e-07,5.88849183812363e-06,2.25725520461406e-05,5.88849183812363e-06,1.27583989826012e-05,2.85921782086606e-06,2.64982132715563e-05,1.17769836762473e-06,1.71959515645805e-06,5.88849183812363e-06,3.7963392631662e-06,2.300872506554e-06,9.5197284716332e-05,1.0982177706803e-05,0.000147212295953091,0.000964731246145921,2.89091506289196e-09
0.732386440954058,0.00236635360566739,0.107570490990964,0.0391434325604148,0.0318371328677304,0.000690186468319657,0.000329311671369138,0.00187336327115335,0.0370728731554558,0.0430873552365271,4.9299033451404e-05,3.70713301542465e-07,2.95794200708424e-06,2.66214780637582e-05,9.01267091514988e-06,3.11638575993757e-07,4.12566601991004e-07,0.000192266230460476,0.000110841076375964,7.88784535222465e-06,1.87336327115335e-05,7.57999999942639e-07,3.70477448294536e-06,1.79800770896948e-05,1.10782892841579e-05,1.11860527291452e-06,0.00116770458204946,3.15513814088986e-05,1.77356015808971e-05,1.50874442600625e-06,2.37926052759237e-05,3.92653180340227e-06,8.97242408815553e-05,1.64141314877376e-06,1.60234447717842e-06,2.56354973947301e-06,8.67662988744711e-05,8.77522795434992e-05,1.97196133805616e-06,3.54953040850109e-05,2.03602499615167e-05,0.000165946062379879,6.23877189963411e-05,3.10187872512093e-07,8.9634381306018e-07,1.80872682707111e-05,9.92397504473773e-06,7.88784535222465e-06,5.35787930545236e-06,2.85921782086606e-06,2.66214780637582e-05,7.8602756084927e-07,1.71959515645805e-06,4.9299033451404e-06,4.9299033451404e-06,2.300872506554e-06,0.000132121409649763,1.0982177706803e-05,0.000135079351656847,0.00102246195378212,1.83841701861809e-08
0.726895644481434,0.00228521047335607,0.111577885286037,0.0376562943218239,0.0325890884895995,0.001589711633639,0.000298070931307313,0.00198713954204875,0.0357685117568775,0.0456048524900189,9.93569771024376e-05,2.98070931307313e-07,3.67620815279019e-06,9.93569771024376e-06,1.03331256186535e-05,1.98713954204875e-07,4.12566601991004e-07,0.000196627457685724,0.000110841076375964,7.51718000534147e-07,1.589711633639e-05,6.95498839717063e-07,5.96141862614626e-06,1.7894191576149e-05,1.10783029469218e-05,1.18234802751901e-06,0.0013611905863034,3.29865163980093e-05,1.87188544860993e-05,2.08649651915119e-06,2.37926052759237e-05,3.69607954821068e-06,9.40910573160085e-05,9.93569771024377e-07,1.57977593592876e-06,1.88778256494632e-06,8.04791514529745e-05,8.72354258959402e-05,2.98070931307313e-06,3.62652966423897e-05,2.3150175664868e-05,0.00017486827970029,5.96141862614626e-05,3.97427908409751e-07,9.93569771024377e-07,1.86989830906788e-05,5.96141862614626e-06,1.39099767943413e-05,5.96141862614626e-06,3.32845873293166e-06,2.28521047335607e-05,7.8602756084927e-07,1.71959515645805e-06,5.66334769483895e-06,3.97427908409751e-06,2.300872506554e-06,0.000110981743423423,1.08597175972964e-05,0.000139099767943413,0.00090812277071628,1.22207635500082e-06
0.730789722798751,0.00216530288236667,0.109839909850964,0.0374991090082592,0.0318371328677304,0.000885805724604547,0.000984228582893942,0.00187003430749849,0.0355306518424713,0.0449792462382531,0.000137792001605152,3.70713301542465e-07,2.22979767485165e-06,2.89363203370819e-05,1.0728091553544e-05,3.11638575993757e-07,4.12566601991004e-07,0.000187003430749849,0.000110841076375964,3.14953146526061e-07,2.0471954524194e-05,6.59433150538941e-07,3.24795432355001e-06,1.73224230589334e-05,1.06296686952546e-05,1.039345383536e-06,0.00116770458204946,3.18890060857637e-05,1.58460801845925e-05,1.50874442600625e-06,2.06688002407728e-05,3.62196118504971e-06,8.85805724604547e-05,1.47634287434091e-06,1.46650058851197e-06,1.88971887915637e-06,8.21830866716441e-05,8.67105381529562e-05,2.85426289039243e-06,3.3463771818394e-05,2.28341031231394e-05,0.000168303087674864,6.23877189963411e-05,3.14953146526061e-07,1.27949715776212e-06,1.69287316257758e-05,1.23028572861743e-05,1.03344001203864e-05,4.96051205778546e-06,2.78536688958985e-06,2.24404116899819e-05,6.00379435565304e-07,1.71959515645805e-06,5.41325720591668e-06,1.08265144118334e-06,7.97225152144093e-06,0.000106296686952546,1.01670812612944e-05,0.000133855087273576,0.000954701725407123,2.0321755389574e-10
0.705119012272565,0.00216959696083866,0.122582228287384,0.0389541272514214,0.0318371328677304,0.000887562393070362,0.000739635327558635,0.00453643000902629,0.0445753557408671,0.044969827915565,0.000102112442619434,3.70713301542465e-07,2.16959696083866e-06,1.87374282981521e-05,9.01267091514988e-06,3.11638575993757e-07,3.94472174697939e-07,0.00018471159580231,0.000110841076375964,7.51718000534147e-07,2.16959696083866e-05,7.57999999942639e-07,1.67650674246624e-06,1.79800770896948e-05,1.10782892841579e-05,1.11860527291452e-06,0.00116770458204946,3.29384265872779e-05,1.77356015808971e-05,1.2820345677683e-06,2.20904417830846e-05,3.92653180340227e-06,7.99792334200071e-05,1.64141314877376e-06,1.60234447717842e-06,1.38065261144279e-06,7.61331297167022e-05,7.05119012272565e-05,3.26253319336508e-06,3.17550100631841e-05,1.03548945858209e-05,0.000167749292290298,6.23877189963411e-05,3.94472174697939e-07,8.9634381306018e-07,4.04333979065387e-05,1.20314013282871e-05,1.11438389352168e-05,1.08479848041933e-05,2.85921782086606e-06,3.50094055044421e-05,1.38065261144279e-06,1.71959515645805e-06,5.42399240209666e-06,4.63504805270078e-06,4.43781196535181e-06,0.000116566527623241,1.49899426385217e-05,0.000143982343764748,0.000986180436744847,2.01760097517933e-09
0.72835710935272,0.00226871797333594,0.11067398113404,0.0385682055467109,0.0318371328677304,0.000907487189334375,0.000197279823768342,0.00217007806145177,0.03689132704468,0.0444866002597612,0.000108503903072588,3.70713301542465e-07,2.95919735652514e-06,4.73471577044022e-05,9.01267091514988e-06,3.11638575993757e-07,4.12566601991004e-07,0.000235749389403169,0.000110841076375964,6.90479383189198e-06,1.47959867826257e-05,7.57999999942639e-07,3.70477448294536e-06,1.79800770896948e-05,1.10782892841579e-05,1.11860527291452e-06,0.00116770458204946,3.15647718029348e-05,1.77356015808971e-05,1.50874442600625e-06,2.17007806145177e-05,3.92653180340227e-06,0.000101599109240696,1.64141314877376e-06,1.60234447717842e-06,1.69471385134237e-06,7.59527321508118e-05,8.15578580007181e-05,3.26253319336508e-06,3.35375700406182e-05,2.03602499615167e-05,0.000165715051965408,6.23877189963411e-05,3.10187872512093e-07,8.9634381306018e-07,1.80872682707111e-05,9.92397504473773e-06,9.86399118841712e-06,3.94559647536685e-06,2.85921782086606e-06,2.76191753275679e-05,7.8602756084927e-07,1.71959515645805e-06,5.91839471305027e-06,3.7963392631662e-06,2.300872506554e-06,0.00010357190747838,1.0982177706803e-05,0.000135136679281315,0.00093905196113731,9.88849402361325e-09
0.71458,0.0022,0.10682,0.0381,0.0318371328677304,0.00084,0.00021,0.0025,0.03563,0.04471,0.000102112442619434,3.70713301542465e-07,2.22979767485165e-06,2.71391318684809e-05,1.099e-05,3.11638575993757e-07,4.12566601991004e-07,0.0001965,0.000110841076375964,7.51718000534147e-07,1.89e-05,7.57999999942639e-07,3.2e-06,2.028e-05,1.241e-05,1.21e-06,0.00116770458204946,3.263e-05,1.748e-05,1.50874442600625e-06,2.305e-05,4.54e-06,9.05e-05,1.64141314877376e-06,1.68e-06,1.69471385134237e-06,7.503e-05,8.7e-05,3.26253319336508e-06,3.56426600807594e-05,2.291e-05,0.0001831,6.23877189963411e-05,3.10187872512093e-07,8.9634381306018e-07,1.882e-05,9.92397504473773e-06,8.64e-06,5.79e-06,3.13e-06,2.223e-05,7.8602756084927e-07,1.71959515645805e-06,5.08e-06,3.7963392631662e-06,2.300872506554e-06,0.0001257,1.19e-05,0.0001815,0.0009448,0.0189053643402874
0.731156636832775,0.00222697304480064,0.110166188676421,0.0379373726658515,0.0318371328677304,0.000847432220587852,0.000167515671511552,0.00186238011268726,0.0380359112961524,0.0423716110293926,4.92693151504565e-05,3.70713301542465e-07,2.22979767485165e-06,2.33536553813164e-05,1.00509402906931e-05,3.11638575993757e-07,4.12566601991004e-07,0.000167515671511552,0.00014682255914836,7.51718000534147e-07,1.42881013936324e-05,5.71524055745296e-07,3.70477448294536e-06,1.74413375632616e-05,1.0248017551295e-05,1.00509402906931e-06,0.00116770458204946,3.0546975393283e-05,1.55691035875443e-05,1.8131107975368e-06,1.89194170177753e-05,3.44885206053196e-06,8.48614684151464e-05,1.64141314877376e-06,1.34997923512251e-06,1.92150329086781e-06,6.68091913440191e-05,7.13419683378611e-05,3.26253319336508e-06,3.7444679514347e-05,2.05945737328908e-05,0.00014682255914836,6.23877189963411e-05,2.95615890902739e-07,8.37578357557761e-07,1.57661808481461e-05,9.30204670040619e-06,9.77503212585057e-06,4.39482291142072e-06,2.72952005933529e-06,1.94121101692799e-05,7.8602756084927e-07,1.51749490663406e-06,4.78897743262438e-06,8.57286083617944e-07,2.300872506554e-06,0.00010149478920994,9.95240166039222e-06,0.000153720263269424,0.000868125332951044,2.04696704031448e-10
0.729808927990798,0.00218743820378713,0.111360490374618,0.0369875914458552,0.0320161409827026,0.000894861083367464,0.000329311671369138,0.000894861083367464,0.0370870204551182,0.0448424831776362,0.000102112442619434,3.70713301542465e-07,3.2811573056807e-06,2.71391318684809e-05,9.94290092630516e-06,3.11638575993757e-07,4.12566601991004e-07,0.000178972216673493,0.000110841076375964,7.51718000534147e-07,1.69364139888922e-05,4.97145046315258e-07,1.78972216673493e-05,1.29257712041967e-05,1.10782892841579e-05,1.11860527291452e-06,0.00116770458204946,3.2811573056807e-05,1.77356015808971e-05,1.50874442600625e-06,2.08800919452408e-05,5.56802451873089e-06,9.74404290777905e-05,1.98858018526103e-06,1.69029315747188e-06,1.98858018526103e-06,7.65603371325497e-05,5.86631154652004e-05,2.98287027789155e-06,5.86631154652004e-05,2.28686721305019e-05,0.000179966506766123,6.23877189963411e-05,2.98287027789155e-07,4.97145046315258e-07,1.98858018526103e-05,9.92397504473773e-06,1.49143513894577e-05,5.35787930545236e-06,7.95432074104413e-07,2.18743820378713e-05,7.8602756084927e-07,1.39200612968272e-06,4.87202145388953e-06,8.94861083367464e-06,2.300872506554e-06,0.000117326230930401,1.29257712041967e-05,0.00015510925445036,0.000889889632904311,1.77780044980924e-05
0.73295372730903,0.00217993537931576,0.108204065191491,0.0385452210251741,0.0318371328677304,0.000891791746083718,0.000297263915361239,0.00257628726646408,0.0355725818715617,0.0433014436709539,0.000102112442619434,3.70713301542465e-07,2.22979767485165e-06,3.02218313950593e-05,9.01267091514988e-06,3.11638575993757e-07,4.12566601991004e-07,0.000225920575674542,0.000110841076375964,7.51718000534147e-07,1.69364139888922e-05,6.93615802509559e-07,3.70477448294536e-06,2.03130342163514e-05,1.25841724169591e-05,1.4863195768062e-06,0.00116770458204946,3.36899104076071e-05,2.05112101599255e-05,1.50874442600625e-06,2.37811132288992e-05,4.16169481505735e-06,0.000104537810235369,1.64141314877376e-06,1.78358349216744e-06,1.69471385134237e-06,7.82794977117931e-05,8.52156557368887e-05,3.26253319336508e-06,2.9726391536124e-05,2.24929695956671e-05,0.000175881149922067,6.23877189963411e-05,3.10187872512093e-07,8.9634381306018e-07,1.90248905831193e-05,5.94527830722479e-06,1.46650198244878e-05,5.94527830722479e-06,3.36899104076071e-06,2.17993537931576e-05,7.8602756084927e-07,1.88267146395452e-06,4.95439858935399e-06,3.7963392631662e-06,2.300872506554e-06,0.000112960287837271,1.2385996473385e-05,0.000138723160501912,0.000865037993701207,6.96026112688708e-05
0.727829555153995,0.00242,0.109732655382142,0.03,0.0318371328677304,0.00077,0.0056,0.00185406517936164,0.0404,0.0138,0.000102112442619434,3.70713301542465e-07,2.22979767485165e-06,8.19e-05,9.01267091514988e-06,3.11638575993757e-07,4.12566601991004e-07,0.0001898,0.000110841076375964,1.008e-05,6.53e-06,6.6e-07,1.88e-05,1.569e-05,1.166e-05,1.01e-06,0.00116770458204946,1.335e-05,1.55e-05,1.50874442600625e-06,0.00011334,3.57e-06,8.23e-05,1.64141314877376e-06,1.17e-06,1.69471385134237e-06,7.08e-05,8.604e-05,9.41e-06,3.726e-05,2.372e-05,0.00017608,6.23877189963411e-05,3.10187872512093e-07,8.9634381306018e-07,1.843e-05,9.92397504473773e-06,1.163e-05,1.57e-06,2.79e-06,2.32926683258289e-05,7.8602756084927e-07,2.79e-06,5.27939626252731e-06,2.405e-05,2.300872506554e-06,0.0001053,1.105e-05,0.0001695,0.000889293903566392,0.032048499963282
0.729509426284184,0.002148488270181,0.10937758466376,0.0374032276126965,0.0318371328677304,0.000927756298487249,0.000781268461883999,0.0022461468279165,0.036133666362135,0.0460948392511559,0.000102112442619434,3.70713301542465e-07,2.22979767485165e-06,3.8086837516845e-05,9.01267091514988e-06,3.11638575993757e-07,4.12566601991004e-07,0.00020312980008984,0.000110841076375964,7.51718000534147e-07,2.148488270181e-05,7.57999999942639e-07,3.70477448294536e-06,1.79800770896948e-05,1.10782892841579e-05,1.11860527291452e-06,0.00116770458204946,3.0274152898005e-05,1.77356015808971e-05,1.50874442600625e-06,1.8555125969745e-05,3.92653180340227e-06,8.78927019619499e-05,1.64141314877376e-06,1.60234447717842e-06,1.69471385134237e-06,6.83609904148499e-05,8.59395308072399e-05,3.26253319336508e-06,2.8320981743295e-05,1.757854039239e-05,0.00016406637699564,6.23877189963411e-05,3.10187872512093e-07,8.9634381306018e-07,1.8555125969745e-05,1.562536923768e-05,1.6601954815035e-05,5.35787930545236e-06,2.85921782086606e-06,3.0274152898005e-05,7.8602756084927e-07,1.71959515645805e-06,8.78927019619499e-06,3.7963392631662e-06,2.300872506554e-06,0.000110354170241115,1.0982177706803e-05,0.0001562536923768,0.000869161163845949,3.0840695552925e-09
0.7275411755718,0.00228505353518386,0.11117282199438,0.0417270645555314,0.0311959482629449,0.000894151383332815,0.000198700307407292,0.00198700307407292,0.0350706042573871,0.0444095187055298,0.000102112442619434,3.97400614814585e-08,3.63621562555345e-06,2.80167433444282e-05,1.18226682907339e-05,1.98700307407292e-07,5.06685783888595e-07,0.00020764182124062,9.83566521666096e-05,3.17920491851668e-07,2.17576836610985e-05,8.94151383332815e-07,3.70477448294536e-06,1.85784787425818e-05,1.09285169074011e-05,1.18226682907339e-06,0.00109285169074011,3.78524085610892e-05,1.79823778203599e-05,1.38096713648068e-06,2.26518350444313e-05,3.86472097907183e-06,9.93501537036461e-05,1.49025230555469e-06,1.57966744388797e-06,1.55979741314724e-06,8.16658263443971e-05,8.8719687257356e-05,3.26253319336508e-06,3.62628061018308e-05,2.34466362740605e-05,0.00019373279972211,6.23877189963411e-05,3.07985476481303e-07,8.9634381306018e-07,1.84791285888782e-05,1.2915519981474e-05,1.09285169074011e-05,6.30873476018153e-06,2.83147938055391e-06,2.22544344296167e-05,7.8602756084927e-07,1.74856270518417e-06,5.51393353055236e-06,3.7963392631662e-06,1.25181193666594e-06,0.00011226567368512,1.06304664462901e-05,0.000164921255148053,0.000852424318777284,2.03730430525795e-06
0.729536867817221,0.00216013608236593,0.108988684155736,0.0387842614788429,0.032402041235489,0.000922967235192716,0.000235651208985374,0.00206194807862203,0.0368205014039647,0.0446755417034772,0.000102112442619434,3.70713301542465e-07,1.37463205241468e-06,2.74926410482937e-05,1.08988684155736e-05,1.47282005615859e-07,1.96376007487812e-07,0.000201285407675007,0.000110841076375964,1.96376007487812e-07,2.06194807862203e-05,6.77497225832951e-07,2.94564011231718e-06,2.03249167749885e-05,1.17825604492687e-05,1.27644404867078e-06,0.00098188003743906,3.2402041235489e-05,1.71829006551836e-05,1.47282005615859e-06,2.30741808798179e-05,4.22208416098796e-06,9.62242436690279e-05,1.37463205241468e-06,1.6691960636464e-06,1.5710080599025e-06,8.88601433882349e-05,8.64054432946373e-05,3.26253319336508e-06,3.73114414226843e-05,2.4056060917257e-05,0.000174774646664153,6.23877189963411e-05,2.55288809734156e-07,8.9634381306018e-07,1.91466607300617e-05,1.17825604492687e-05,1.12916204305492e-05,6.87316026207342e-06,3.04382811606109e-06,2.4056060917257e-05,7.26591227704904e-07,1.86557207113421e-06,5.89128022463436e-06,3.7963392631662e-06,9.8188003743906e-07,0.000112916204305492,1.12916204305492e-05,0.000152191405803054,0.000893510834069544,6.158008214463e-08
0.732355897523592,0.00225491106332565,0.108823968708325,0.0373530919620467,0.0318371328677304,0.000901964425330261,0.000637257474418119,0.00225491106332565,0.0353922997330679,0.0443139043749215,0.000102112442619434,3.70713301542465e-07,2.22979767485165e-06,2.64706950912142e-05,1.0098079979241e-05,3.11638575993757e-07,8.72552541895579e-07,0.000214706749073182,9.80396114489414e-05,2.8431487320193e-07,2.15687145187671e-05,7.57999999942639e-07,3.03922795491718e-06,1.666673394632e-05,9.80396114489415e-06,1.21569118196687e-06,0.00147059417173412,3.33334678926401e-05,2.15687145187671e-05,1.47059417173412e-06,2.05883184042777e-05,3.53922997330679e-06,0.000101961195906899,1.68628131692179e-06,1.55882982203817e-06,2.15687145187671e-06,6.56865396707908e-05,9.7059215334452e-05,1.56863378318306e-06,4.0196240694066e-05,2.54902989767248e-05,0.000177451696722584,4.0196240694066e-05,2.74510912057036e-07,3.62746562361083e-07,1.95098826783393e-05,6.17649552128331e-06,1.04902384250367e-05,4.70590134954919e-06,2.74510912057036e-06,2.45099028622354e-05,6.47061435563013e-07,1.58824170547285e-06,5.58825785258966e-06,8.72552541895579e-06,1.37255456028518e-06,8.33336697316002e-05,1.03921988135878e-05,0.000139216248257497,0.000940199873795348,2.52579845927414e-10
0.701723346506014,0.00211402609477996,0.106177436742327,0.0381762640269048,0.0318371328677304,0.000933218726524486,0.00023806600166441,0.00190452801331528,0.0695724083264071,0.0439755518274498,2.85679201997292e-05,3.70713301542465e-07,2.22979767485165e-06,2.19020721531257e-05,9.01267091514988e-06,3.11638575993757e-07,4.12566601991004e-07,0.000180930161264951,0.000110841076375964,7.51718000534147e-07,1.69364139888922e-05,7.57999999942639e-07,3.70477448294536e-06,1.76168841231663e-05,9.99877206990521e-06,1.0474904073234e-06,0.00116770458204946,3.09655342817859e-05,1.76168841231663e-05,1.50874442600625e-06,2.37926052759237e-05,3.4281504239675e-06,8.61798926025163e-05,1.64141314877376e-06,1.38078280965358e-06,1.69471385134237e-06,7.6759956710361e-05,7.99901765592417e-05,3.26253319336508e-06,3.4281504239675e-05,2.14259401497969e-05,0.000165946062379879,6.23877189963411e-05,3.10187872512093e-07,8.9634381306018e-07,1.66646201165087e-05,9.92397504473773e-06,8.09424405658993e-06,5.35787930545236e-06,2.85921782086606e-06,2.32926683258289e-05,7.8602756084927e-07,1.47600921031934e-06,5.27939626252731e-06,3.7963392631662e-06,2.300872506554e-06,4.95177283461972e-05,9.42741366591063e-06,0.000133316960932069,0.000889293903566392,6.72138562585189e-08
0.731326789339479,0.00235245091052672,0.109846661763507,0.0381904164554129,0.0318371328677304,0.000896498232655923,0.000329311671369138,0.00151580518920969,0.0361234093792179,0.0440961509588273,0.000102112442619434,3.70713301542465e-07,2.22979767485165e-06,2.71391318684809e-05,9.01267091514988e-06,3.11638575993757e-07,4.12566601991004e-07,0.000163391987927798,0.000110841076375964,7.51718000534147e-07,1.69364139888922e-05,7.57999999942639e-07,3.70477448294536e-06,1.80124902354138e-05,1.12208955564873e-05,1.16146111900483e-06,0.00116770458204946,3.09655342817859e-05,1.92920660444869e-05,1.08271799229263e-06,2.37926052759237e-05,3.72061273715105e-06,9.45901809630202e-05,1.96857816780479e-06,1.6831343334731e-06,1.69471385134237e-06,7.6759956710361e-05,8.15578580007181e-05,3.26253319336508e-06,3.56426600807594e-05,1.98137392589552e-05,0.000157486253424383,6.23877189963411e-05,3.10187872512093e-07,8.9634381306018e-07,1.83077769605845e-05,9.92397504473773e-06,1.37800471746335e-05,5.35787930545236e-06,3.25799686771693e-06,2.32926683258289e-05,7.8602756084927e-07,1.55517675256578e-06,5.27939626252731e-06,3.7963392631662e-06,2.300872506554e-06,9.48258530550232e-05,1.12208955564873e-05,0.000149263261850399,0.000889293903566392,1.51405718740172e-07
0.727829555153995,0.0011,0.1,0.0395,0.0318371328677304,0.00082,2e-04,0.0015,0.037,0.042,0.000102112442619434,2e-07,2.22979767485165e-06,2.5e-05,9.01267091514988e-06,3.11638575993757e-07,5e-07,0.000199193783070795,0.000110841076375964,2.1e-06,1e-05,7.57999999942639e-07,2e-06,1.79800770896948e-05,1.10782892841579e-05,1.11860527291452e-06,0.00116770458204946,3.09655342817859e-05,1.77356015808971e-05,1.50874442600625e-06,2.37926052759237e-05,3.92653180340227e-06,9.32261548183024e-05,1e-06,1.60234447717842e-06,6e-07,7.6759956710361e-05,8.15578580007181e-05,7e-06,3.7e-05,2.03602499615167e-05,1e-04,6.23877189963411e-05,3.10187872512093e-07,6.4e-07,1.80872682707111e-05,9.92397504473773e-06,1e-05,5.35787930545236e-06,2.85921782086606e-06,2.32926683258289e-05,7.8602756084927e-07,1.71959515645805e-06,5.27939626252731e-06,4.5e-06,2.300872506554e-06,4.2e-05,1.0982177706803e-05,0.00018,0.00073,0.014943593649181
0.729570716561308,0.00203422869515343,0.110064547757094,0.0375398725385802,0.0322331889860061,0.000923756025818467,9.82719176402624e-05,0.00196543835280525,0.0351813465152139,0.0466791608791246,0.000196543835280525,3.70713301542465e-07,2.22979767485165e-06,2.71391318684809e-05,1.03185513522276e-05,3.11638575993757e-07,4.12566601991004e-07,0.000223077253043396,0.000110841076375964,7.51718000534147e-07,1.67062259988446e-05,7.57999999942639e-07,4.42223629381181e-06,1.65096821635641e-05,9.9254636816665e-06,1.12029986109899e-06,0.00116770458204946,3.04642944684813e-05,1.66079540812043e-05,1.50874442600625e-06,2.37926052759237e-05,4.12742054089102e-06,0.000106133671051483,1.64141314877376e-06,1.35615246343562e-06,1.67062259988446e-06,6.87903423481837e-05,9.43410409346519e-05,3.26253319336508e-06,3.9308767056105e-05,2.22094533866993e-05,0.000162148664106433,6.23877189963411e-05,3.10187872512093e-07,8.9634381306018e-07,1.95561116104122e-05,1.18909020344718e-05,1.47407876460394e-05,5.35787930545236e-06,3.16435574801645e-06,1.5723506822442e-05,7.8602756084927e-07,1.47407876460394e-06,2.55506985864682e-06,3.7963392631662e-06,2.300872506554e-06,0.000104168232698678,1.07116390227886e-05,0.000139546123049173,0.000931617779229688,1.88734130546209e-07
0.729704629728096,0.00218444711580053,0.109917407145054,0.0379299453743547,0.0318371328677304,0.000893637456463854,0.000329311671369138,0.0016879818622095,0.036142670461427,0.0456748033303748,0.000102112442619434,1.78727491292771e-06,2.22979767485165e-06,2.40289182738059e-05,9.65128452980963e-06,3.11638575993757e-07,2.75041750489431e-07,0.000174656476213324,0.000110841076375964,2.58161931867336e-07,1.38017340498306e-05,6.5533413474016e-07,1.88656796364591e-06,1.80216887053544e-05,1.08328718333563e-05,1.03264772746934e-06,0.00116770458204946,3.2270241483417e-05,1.60159690808466e-05,1.6879818622095e-06,2.3800544257154e-05,3.67582873758799e-06,8.16586049106526e-05,1.38017340498306e-06,1.47648766417972e-06,2.78020542010977e-07,7.27023717358704e-05,7.58598907487094e-05,3.26253319336508e-06,3.53483260556814e-05,2.10004802269006e-05,0.000170982633336751,6.23877189963411e-05,2.48232626795515e-07,8.9634381306018e-07,1.62542724025703e-05,1.15179938833119e-05,1.15179938833119e-05,5.66168975195211e-06,2.86559744372743e-06,2.08813285660387e-05,4.93486462069484e-07,1.60457569960621e-06,5.53360171652562e-06,3.7963392631662e-06,3.2766706737008e-06,0.000112598319514446,1.04356996304835e-05,0.000150627557939519,0.000954404803503396,0.00014114596258441
0.732837202472974,0.00215281325335899,0.109402055329788,0.0365978253071027,0.0318371328677304,0.000910052875283571,9.78551478799539e-05,0.00215281325335899,0.0358149841240631,0.0444262371374991,0.00025442338448788,3.70713301542465e-07,2.22979767485165e-06,3.52278532367834e-05,9.01267091514988e-06,3.11638575993757e-07,4.12566601991004e-07,0.000230938148996691,0.000110841076375964,9.78551478799539e-07,1.85924780971912e-05,7.57999999942639e-07,3.70477448294536e-06,1.79800770896948e-05,1.10782892841579e-05,1.11860527291452e-06,0.00116770458204946,3.03350958427857e-05,1.77356015808971e-05,1.50874442600625e-06,2.37926052759237e-05,3.92653180340227e-06,9.32261548183024e-05,1.64141314877376e-06,1.60234447717842e-06,1.69471385134237e-06,7.82841183039631e-05,8.15578580007181e-05,5.87130887279723e-06,3.32707502791843e-05,2.03602499615167e-05,0.000167332302874721,6.23877189963411e-05,3.10187872512093e-07,3.91420591519816e-06,1.80872682707111e-05,9.92397504473773e-06,1.07640662667949e-05,5.35787930545236e-06,2.85921782086606e-06,2.25066840123894e-05,7.8602756084927e-07,1.71959515645805e-06,5.28417798551751e-06,5.87130887279723e-06,2.300872506554e-06,0.000113511971540746,1.0982177706803e-05,0.000135040104074336,0.000931581007817161,1.67827945984911e-08
0.729607815090989,0.00225096978498897,0.112548489249448,0.0376792768356849,0.0318371328677304,0.000880814263691335,0.000329311671369138,0.00195736503042519,0.0352325705476534,0.0440407131845667,0.000167354710101354,3.70713301542465e-07,2.22979767485165e-06,2.83817929411652e-05,1.07655076673385e-05,3.11638575993757e-07,4.12566601991004e-07,0.000191821772981668,0.000225096978498897,7.51718000534147e-07,1.37015552129763e-05,1.07655076673385e-06,3.70477448294536e-06,1.7714153525348e-05,1.14505854279874e-05,1.07655076673385e-06,0.00107655076673385,3.1317840486803e-05,1.85949677890393e-05,1.95736503042519e-06,2.3390512113581e-05,3.52325705476534e-06,8.22093312778579e-05,1.64141314877376e-06,1.46802377281889e-06,1.69471385134237e-06,8.02519662474327e-05,7.82946012170075e-05,3.26253319336508e-06,3.91473006085038e-05,2.15310153346771e-05,0.000163439980040503,6.23877189963411e-05,3.10187872512093e-07,4.89341257606297e-06,1.56589202434015e-05,9.92397504473773e-06,2.25096978498897e-05,5.96996334279682e-06,3.03391579715904e-06,2.54457453955275e-05,7.8602756084927e-07,1.56589202434015e-06,5.96996334279682e-06,3.7963392631662e-06,2.300872506554e-06,7.43798711561572e-05,1.06676394158173e-05,0.000168333392616566,0.000913110786693351,1.9732582234866e-10
0.731882984238612,0.00232156430484291,0.109192219422696,0.0375778629004233,0.0318371328677304,0.000914853730298265,0.000329311671369138,0.00206579874583479,0.03531532141689,0.0450540869329683,0.000102112442619434,3.70713301542465e-07,2.35107571549769e-06,2.68553836958523e-05,1.26899065815566e-05,1.27882779504059e-07,2.55765559008117e-07,0.000190840455567595,0.000110841076375964,4.22996886051886e-07,2.00677592452523e-05,6.59088171290148e-07,1.40671057454464e-06,1.79800770896948e-05,1.10782892841579e-05,1.11860527291452e-06,0.00116770458204946,3.29544085645074e-05,1.77356015808971e-05,1.50874442600625e-06,2.37926052759237e-05,3.92653180340227e-06,9.59120846280439e-05,1.45589625896928e-06,1.60234447717842e-06,1.80019604994175e-06,8.75505182758554e-05,8.87309747020468e-05,3.1380466662919e-06,3.9938775752806e-05,2.03602499615167e-05,0.000157394190158841,6.23877189963411e-05,2.65602695893045e-07,1.75101036551711e-06,1.80872682707111e-05,9.92397504473773e-06,1.04273650980232e-05,4.72182570476524e-06,2.85921782086606e-06,2.18384438845392e-05,9.3452800406812e-07,1.71959515645805e-06,4.77101138918988e-06,2.70521264335508e-06,2.300872506554e-06,6.98436718829858e-05,6.81713586125481e-06,0.00015345933540487,0.000889293903566392,7.20946867760475e-08
0.727829329384115,0.00202854295481413,0.11201085011365,0.0367489665727198,0.0318371229919764,0.000872175473325882,0.000329311569217946,0.00185406460423787,0.0375329445262711,0.0453727240617847,0.000102112410944554,3.70713186548649e-07,3.5279007909811e-06,2.71391234500284e-05,9.01266811945463e-06,3.1163847932469e-07,4.12566474014459e-07,0.000202854295481413,0.000110841041993496,7.51717767354165e-07,1.69364087352829e-05,6.27182362841084e-07,3.70477333373881e-06,1.98934405713656e-05,1.10782858477159e-05,1.2151658280046e-06,0.00116770421983207,3.09655246763983e-05,1.77355960793829e-05,1.50874395799963e-06,2.44013138042859e-05,3.92653058540747e-06,8.94714839490484e-05,1.64141263961383e-06,1.65615342687724e-06,1.69471332564876e-06,7.67599328997228e-05,8.48656134719342e-05,3.26253218134006e-06,3.56426490245457e-05,2.03602436458468e-05,0.000165615342687724,6.23876996439148e-05,3.10187776293029e-07,4.31187874453245e-07,1.89134681294265e-05,9.92397196635951e-06,1.10690817218435e-05,5.08605697366442e-06,2.87131925488184e-06,2.1853385455244e-05,7.86027317026597e-07,1.71959462304636e-06,4.77246579224388e-06,3.79633808555662e-06,2.30087179283235e-06,9.48258236404147e-05,1.12696830823007e-05,0.000158755535594149,0.000934893709609991,0
0.733178932207201,0.0021738458906413,0.108198238647828,0.0367577577872074,0.0306314648226728,0.00078060829709392,0.000329311671369138,0.00197622353694663,0.0358684571955814,0.0465400642950932,0.000102112442619434,1.97622353694663e-06,1.97622353694663e-06,2.66790177487795e-05,1.38335647586264e-05,3.95244707389327e-06,4.12566601991004e-07,0.000213432141990236,9.88111768473316e-05,5.9286706108399e-07,2.09479694916343e-05,3.35958001280928e-06,3.70477448294536e-06,1.79800770896948e-05,1.10782892841579e-05,7.21321590985521e-07,0.00108692294532065,3.06314648226728e-05,1.77356015808971e-05,1.50874442600625e-06,2.37146824433596e-05,3.92653180340227e-06,0.000109680406300538,1.64141314877376e-06,3.03350312921308e-06,1.69471385134237e-06,7.60846061724453e-05,4.54531413497725e-05,9.88111768473316e-06,3.06314648226728e-05,2.03602499615167e-05,0.00016995522417741,6.23877189963411e-05,3.95244707389326e-07,5.13818119606124e-07,2.1738458906413e-05,6.91678237931321e-06,9.88111768473316e-06,3.06314648226728e-06,4.34769178128259e-06,2.2034892436955e-05,7.8602756084927e-07,1.71959515645805e-06,6.42272649507656e-06,3.95244707389327e-06,2.96433530541995e-06,0.000108692294532065,1.28454529901531e-05,0.000150192988807944,0.000988111768473316,2.3133606067427e-06
0.728519683670135,0.00217675309530666,0.108540824797791,0.037499519232783,0.0318371328677304,0.000890489902625454,0.000494716612569696,0.00187992312776485,0.0368069159751854,0.0476906814517187,9.89433225139393e-05,3.70713301542465e-07,2.22979767485165e-06,2.71391318684809e-05,9.01267091514988e-06,3.11638575993757e-07,4.12566601991004e-07,0.000232407970252992,0.000110841076375964,7.51718000534147e-07,1.69364139888922e-05,7.51969251105939e-07,3.70477448294536e-06,2.14113349920165e-05,1.24371756400022e-05,1.16753120566448e-06,0.00116770458204946,3.09655342817859e-05,1.95116231997488e-05,1.50874442600625e-06,2.50821322572836e-05,4.5612871678926e-06,9.61828038158004e-05,1.64141314877376e-06,1.7908741375023e-06,1.69471385134237e-06,8.59124869388535e-05,9.57870305257446e-05,3.26253319336508e-06,3.56426600807594e-05,2.44686836576972e-05,0.000163810564754078,6.23877189963411e-05,3.10187872512093e-07,8.9634381306018e-07,2.01745434605922e-05,9.92397504473773e-06,1.10690851554304e-05,6.29279531188654e-06,3.36407296547394e-06,2.29449564909825e-05,7.8602756084927e-07,2.15696443080388e-06,5.74860703805987e-06,3.7963392631662e-06,2.300872506554e-06,0.00011385408121679,1.22986549884827e-05,0.000149263261850399,0.000916284426804838,2.11488784902514e-05
0.733660764589767,0.00216361083391084,0.108180541695542,0.0369780760704762,0.0318371328677304,0.000983459469959473,0.000329311671369138,0.00196691893991895,0.0356995787595289,0.0451407896711398,9.83459469959473e-05,2.95037840987842e-07,2.75368651588652e-06,2.93070922047923e-05,9.04782712362715e-06,3.11638575993757e-07,2.95037840987842e-07,0.000199193783070795,0.000110841076375964,2.95037840987842e-07,2.33079894380395e-05,6.88421628971631e-07,4.03218382683384e-06,1.79800770896948e-05,1.10782892841579e-05,1.11860527291452e-06,0.00116770458204946,3.09655342817859e-05,1.77356015808971e-05,1.50874442600625e-06,2.37926052759237e-05,3.92653180340227e-06,9.32261548183024e-05,1.64141314877376e-06,1.60234447717842e-06,2.26195678090679e-06,7.6759956710361e-05,8.15578580007181e-05,7.86767575967579e-07,3.70764220174721e-05,2.03602499615167e-05,0.000165946062379879,6.23877189963411e-05,3.10187872512093e-07,8.9634381306018e-07,1.80872682707111e-05,2.75368651588652e-06,1.01296325405826e-05,5.35787930545236e-06,2.85921782086606e-06,2.17344542861044e-05,6.88421628971631e-07,1.71959515645805e-06,4.13052977382979e-06,8.85113522963526e-07,2.300872506554e-06,9.48258530550232e-05,1.0982177706803e-05,0.000151452758373759,0.00042977178837229,4.37284080057054e-08
0.726001327788621,0.00224104556960653,0.114001013758245,0.0411183143640851,0.0318371328677304,0.000974367638959362,0.000194873527791872,0.000292310291687809,0.0331284997246183,0.0466722099061534,9.74367638959362e-05,3.89747055583745e-07,2.92310291687809e-07,2.92310291687809e-05,7.7949411116749e-07,3.11638575993757e-07,9.74367638959362e-07,0.000199193783070795,0.000110841076375964,3.89747055583745e-07,2.43591909739841e-05,7.57999999942639e-07,1.94873527791872e-06,1.79800770896948e-05,1.10782892841579e-05,1.11860527291452e-06,0.00116770458204946,3.09655342817859e-05,1.77356015808971e-05,1.50874442600625e-06,2.37926052759237e-05,3.92653180340227e-06,9.32261548183024e-05,5.84620583375617e-06,1.60234447717842e-06,7.40519405609115e-06,9.35392933400988e-05,8.15578580007181e-05,3.26253319336508e-06,3.02053968077402e-05,2.03602499615167e-05,0.000165946062379879,0.000101334234451774,3.10187872512093e-07,8.9634381306018e-07,1.80872682707111e-05,1.89027321958116e-05,9.74367638959362e-06,5.35787930545236e-06,2.85921782086606e-06,2.32926683258289e-05,7.8602756084927e-07,1.71959515645805e-06,5.27939626252731e-06,2.52361218490475e-05,2.300872506554e-06,3.54669820581208e-05,1.0982177706803e-05,0.000141283307649107,0.000889293903566392,1.04222314556424e-07
