"SiO2","TiO2","Al2O3","Fe2O3T","Fe(II)O","MnO","MgO","CaO","Na2O","K2O","P2O5","Ag","As","B","Ba","Be","Bi","Cd","Ce","Cl","Co","Cr","Cs","Cu","Dy","Er","Eu","F","Ga","Gd","Ge","Hf","Hg","Ho","La","Li","Lu","Mo","Nb","Nd","Ni","Pb","Pr","Rb","S","Sb","Sc","Se","Sm","Sn","Sr","Ta","Tb","Th","Tl","Tm","U","V","W","Y","Yb","Zn","Zr","Rest"
0.355428183962654,0.0365895822174343,0.0951517743747197,0.126177476821977,0.0710861857413151,0.00196150337660473,0.133910326672053,0.122499657990843,0.0318744298698268,0.0116935778220666,0.00854385605386482,4.71515234760752e-07,4.71515234760752e-06,3.185219247458e-05,0.000758196497495288,2.12849545942328e-06,4.89873339527246e-08,5.65818281712902e-07,0.000116935778220666,9.43030469521503e-05,5.94109195798547e-05,0.000425306741754198,0,4.14933406589461e-05,6.47953727193041e-06,2.49942648565321e-06,3.60003654839794e-06,0.000801575899093278,1.98036398599516e-05,9.83839274368444e-06,9.70153409011074e-07,5.18666758236827e-06,2.82909140856451e-07,1.06470070308785e-06,6.41260719274622e-05,1.55804006141e-05,2.19153918000439e-07,2.16897007989946e-06,7.82715289702847e-05,4.62084930065536e-05,0.000297997628368795,7.54424375617203e-06,1.41454570428225e-05,1.98036398599516e-05,0.000216897007989946,1.37776415000043e-07,1.60315179818656e-05,0,7.54424375617203e-06,4.71515234760752e-06,0.00110711777121824,0,1.30746829259072e-06,1.22593961037795e-06,1.77373483498349e-08,2.93946035773607e-07,1.98036398599516e-06,0.000282909140856451,2.35757617380376e-05,2.45187922075591e-05,1.59000358719018e-06,0.000104676382116887,0.000344206121375349,1.19045336008927e-05
0.356772734799557,0.0362803758314394,0.0942347424193231,0.12665149381157,0.0710861857413151,0.00188469484838646,0.134284507947535,0.121657052463346,0.0323225166498278,0.0118735775448347,0.00819842259048111,2.57881469330632e-07,2.17808471507003e-06,3.185219247458e-05,0.000686971272236866,2.12849545942328e-06,4.89873339527246e-08,1.45536042770543e-07,0.000116180922099274,0,6.21949299967533e-05,0.000432537467704693,0,5.55984980274006e-05,6.47953727193041e-06,2.49942648565321e-06,3.60003654839794e-06,0.000796020010228922,1.69622536354782e-05,9.83839274368444e-06,9.70153409011074e-07,6.38907713843819e-06,8.62550569727965e-09,1.06470070308785e-06,5.77235312816635e-05,1.55804006141e-05,2.19153918000439e-07,8.97352687083835e-07,8.57536156015841e-05,5.35766567772122e-05,0.000318513429377312,2.82704227257969e-06,1.38181059597552e-05,2.92127701499902e-05,8.57799541857678e-05,1.37776415000043e-07,2.63857278774105e-05,0,1.1098493687091e-05,2.03485270799578e-06,0.00111479700282059,0,1.30746829259072e-06,7.04967897292549e-06,1.77373483498349e-08,2.93946035773607e-07,0,0.000277992490137003,7.96150430270833e-07,2.63857278774105e-05,1.59000358719018e-06,0.000113081690903188,0.000257260846804752,9.04083246044962e-06
0.378797660735481,0.0333092122355457,0.0954800998456408,0.123016977006277,0.0513832450110832,0.00163707207862199,0.108444196653225,0.127369885423422,0.0293348175938044,0.0130587252514355,0.0338769828986515,1.02719680485274e-06,2.17808471507003e-06,3.185219247458e-05,0.000624807953536506,1.7659497105841e-06,1.10478708196021e-08,4.89913533786765e-08,9.96249632129852e-05,0,5.4898099956945e-05,0.000372204583201377,7.59822244182921e-07,5.54048188715033e-05,5.69724488128897e-06,2.28084199926606e-06,3.19120043363971e-06,0.000796020010228922,1.81458286375998e-05,8.12821522215277e-06,9.23208661620465e-07,5.82314613326383e-06,8.62550569727965e-09,9.55001926185515e-07,5.00997880717191e-05,1.23923485955555e-05,1.8700883130421e-07,5.36252767312445e-07,7.18621306769817e-05,4.94129328743052e-05,0.000253267263625213,2.41774159984157e-06,1.22263479096424e-05,2.74974076367055e-05,8.57799541857678e-05,1.37776415000043e-07,1.71127913651927e-05,0,1.00817222935872e-05,2.03018923090914e-06,0.00101008955934522,5.73943402669549e-06,1.05043975865958e-06,5.73115277614595e-06,7.17693660980464e-09,2.73243101329319e-07,1.89608684713388e-06,0.000243460176417365,2.99511326486059e-07,2.17898816904203e-05,1.46547348939891e-06,9.37230540407668e-05,0.000220824313284634,3.97708011001807e-06
0.357567333850165,0.0360492798972718,0.0943698426630153,0.125134411371158,0.0715323407385656,0.00191570780605921,0.132683998784199,0.122492055776594,0.0328407052467293,0.0117962303328769,0.00868202552499741,2.57881469330632e-07,1.69865716793428e-06,8.49328583967137e-06,0.000682293962453601,2.18938034978195e-06,4.89873339527246e-08,1.88739685326031e-07,0.000116074906475509,4.71849213315076e-05,6.03023294616668e-05,0.000447313054222693,5.19034134646584e-07,5.45457690592228e-05,6.28503152135682e-06,2.30262416097757e-06,3.58605402119458e-06,0.000915387473831248,2.07613653858634e-05,9.35205140790482e-06,1.37779970288002e-06,5.99248500910147e-06,7.54958741304122e-10,1.00032033222796e-06,5.86036722937325e-05,1.43442160847783e-05,2.17050638124935e-07,6.70025882907409e-07,7.63452027143794e-05,5.61500563844941e-05,0.000292546512255347,2.84053226415676e-06,1.43442160847783e-05,2.89715416975457e-05,8.57799541857678e-05,1.03806826929317e-07,2.17994336551565e-05,0,1.14187509622248e-05,2.79334734282525e-06,0.00115225577891542,5.26583722059625e-06,1.2456819231518e-06,6.69082184480778e-06,1.77373483498349e-08,2.83109527989046e-07,2.00064066445592e-06,0.000273672543722744,3.01983496521649e-07,2.80278432709155e-05,1.62316129380386e-06,0.000134948875008112,0.000275559940576005,8.88649656083373e-08
0.365994089872987,0.0361416779733877,0.0955513491539169,0.125685307569723,0.0624612112732691,0.00201210924865035,0.131635810750566,0.123873455639659,0.0314308629552206,0.0117293572314688,0.00873503351546786,2.57881469330632e-07,2.17808471507003e-06,3.185219247458e-05,0.00064749866342824,2.15515019049753e-06,4.89873339527246e-08,8.58245651083086e-08,0.000115338679442777,0,6.19844081337785e-05,0.000436799356087342,6.77060458076657e-07,5.74833864969872e-05,6.55127513660089e-06,2.48891238814095e-06,3.92885786940257e-06,0.000796020010228922,1.89250093602471e-05,9.6409594805e-06,9.70153409011074e-07,6.3986981319639e-06,8.62550569727965e-09,1.1061832836182e-06,5.92094138619432e-05,1.55437823473937e-05,2.19329444165678e-07,7.05668646446093e-07,7.8195714876459e-05,5.74833864969872e-05,0.00030801482811093,3.29947772527498e-06,1.39989401754441e-05,3.14690072063798e-05,8.57799541857678e-05,9.53606278981207e-08,2.35826832792053e-05,0,1.17007490430994e-05,2.46984026256133e-06,0.0011366986845456,4.91107233675322e-06,1.40180123010237e-06,6.4749866342824e-06,1.77373483498349e-08,2.67009758114738e-07,1.77370767890505e-06,0.000274638608346588,7.96150430270833e-07,3.2422613485361e-05,1.66881098821711e-06,0.000122061603709595,0.000261192759812953,1.12427734987319e-05
0.355193716567329,0.0363926822441979,0.0939022231016913,0.125620180920045,0.0710861857413151,0.00199126192581593,0.13661005031062,0.121903158658522,0.0318601908130549,0.0118432673587814,0.00861931947888897,2.57881469330632e-07,2.17808471507003e-06,3.185219247458e-05,0.000792806712464143,2.12849545942328e-06,4.89873339527246e-08,1.45536042770543e-07,0.000137681538870702,0,5.91689257956734e-05,0.000408777626771071,1.1378639576091e-06,5.30054960252908e-05,6.47953727193041e-06,2.49942648565321e-06,3.60003654839794e-06,0.000796020010228922,1.97229752652245e-05,9.83839274368444e-06,1.80161793288108e-06,7.39611572445918e-06,8.62550569727965e-09,1.06470070308785e-06,7.18750733223084e-05,1.55804006141e-05,2.19153918000439e-07,1.42232994701138e-06,7.83229690820933e-05,5.49967579511067e-05,0.00029906857685826,1.80161793288108e-06,1.38181059597552e-05,2.90155309190322e-05,8.57799541857678e-05,1.37776415000043e-07,2.07660172263662e-05,0,6.63753975271977e-06,1.80161793288108e-06,0.0011207011762485,3.79287985869701e-06,1.30746829259072e-06,5.68931978804552e-06,1.77373483498349e-08,2.93946035773607e-07,2.27572791521821e-06,0.000267587674031074,7.96150430270833e-07,2.89207089225647e-05,1.32750795054395e-06,0.000108855651944604,0.000280388643554177,0.000136944085611823
0.35744273041751,0.0370323549531654,0.0967955671665858,0.125777410173411,0.0710861857413151,0.00191318048607146,0.133543786403998,0.119999983953096,0.0311602168275995,0.0116495643458807,0.0089502750462254,2.57881469330632e-07,2.17808471507003e-06,3.185219247458e-05,0.000704656575067904,2.12849545942328e-06,4.89873339527246e-08,1.45536042770543e-07,0.000111760048196254,0,5.58800240981268e-05,0.000423362216472249,0,4.35674764154887e-05,6.47953727193041e-06,2.49942648565321e-06,3.60003654839794e-06,0.000796020010228922,1.79952619977019e-05,9.83839274368444e-06,9.70153409011074e-07,6.38907713843819e-06,8.62550569727965e-09,1.06470070308785e-06,6.34569765182118e-05,1.55804006141e-05,2.19153918000439e-07,8.97352687083835e-07,7.67166432533606e-05,4.83030716780418e-05,0.000289818430068251,3.29299052084532e-06,1.38181059597552e-05,2.65193334702975e-05,8.57799541857678e-05,1.37776415000043e-07,1.89423810502125e-05,0,1.1098493687091e-05,2.03485270799578e-06,0.00104561943397173,0,1.30746829259072e-06,9.47119052510624e-06,1.77373483498349e-08,2.93946035773607e-07,0,0.000263299096597954,7.96150430270833e-07,2.65193334702975e-05,1.59000358719018e-06,0.000116495643458807,0.000252880787020337,5.31350378919493e-05
0.357817821792708,0.0361217505050809,0.094901875383761,0.125570411565376,0.0710861857413151,0.0018829442861203,0.134903548014599,0.121015559139128,0.0318821127796116,0.0117491644204838,0.008342991447955,2.57881469330632e-07,2.17808471507003e-06,3.185219247458e-05,0.000747497484374362,2.12849545942328e-06,4.89873339527246e-08,1.45536042770543e-07,9.85166140779307e-05,0,6.1035633150876e-05,0.000422537558859628,0,4.58092497981869e-05,6.47953727193041e-06,2.49942648565321e-06,3.60003654839794e-06,0.000796020010228922,1.7665282104061e-05,9.83839274368444e-06,9.70153409011074e-07,6.87831669501701e-06,8.62550569727965e-09,1.06470070308785e-06,5.01864461269923e-05,1.55804006141e-05,2.19153918000439e-07,9.86118320036704e-07,7.93608414729348e-05,4.39303455803732e-05,0.000292072031064944,3.29299052084532e-06,1.38181059597552e-05,3.31132121156493e-05,8.57799541857678e-05,1.37776415000043e-07,2.3324620799262e-05,0,1.1098493687091e-05,2.03485270799578e-06,0.00108411830616112,0,1.30746829259072e-06,1.15543653254014e-05,1.77373483498349e-08,2.93946035773607e-07,6.74444594793746e-06,0.000283754132462952,7.96150430270833e-07,3.12607049465555e-05,1.59000358719018e-06,0.000105321396137228,0.000275834075095238,1.1074649150622e-05
0.346918990267103,0.0350837924530476,0.0924681870238567,0.124566124800049,0.0877094811326189,0.00195946713168617,0.133150456996008,0.12083380645398,0.0320046298175407,0.0121300346247239,0.008397716278655,2.57881469330632e-07,2.17808471507003e-06,3.185219247458e-05,0.000641025675937332,2.12849545942328e-06,4.89873339527246e-08,1.45536042770543e-07,0.000368566436674303,0,6.34494118831711e-05,0.000399358063029371,0,6.34494118831711e-05,6.47953727193041e-06,2.49942648565321e-06,3.60003654839794e-06,0.000796020010228922,2.14608304898961e-05,9.83839274368444e-06,9.70153409011074e-07,1.39961937977583e-05,8.62550569727965e-09,1.06470070308785e-06,2.33269896629306e-05,1.55804006141e-05,2.19153918000439e-07,9.33079586517222e-07,9.70402769977911e-05,4.29216609797922e-05,0.000289254671820339,5.59847751910333e-06,1.38181059597552e-05,2.98585467685511e-05,8.57799541857678e-05,1.37776415000043e-07,2.61262284224822e-05,0,1.30631142112411e-05,1.86615917303444e-06,0.00112995937927236,0,1.86615917303444e-06,8.397716278655e-06,1.77373483498349e-08,2.93946035773607e-07,9.33079586517222e-07,0.000157690450121411,1.11969550382067e-05,2.05277509033789e-05,2.79923875955167e-06,7.09140485753089e-05,0.000297652388098994,1.14149121821505e-06
0.3805,0.0374,0.1017,0.0392,0.0809,0.0019,0.1451,0.1299,0.0344,0.0124,0.0086,2.57881469330632e-07,2.17808471507003e-06,3.185219247458e-05,0.000746,2.31e-06,4.89873339527246e-08,1.45536042770543e-07,0.000129,0,6.54e-05,0.000455,5.6e-07,6.87e-05,7e-06,2.77e-06,3.8e-06,0.000796020010228922,2.08e-05,1.05e-05,9.70153409011074e-07,7.09e-06,8.62550569727965e-09,1.19e-06,6.51e-05,1.7e-05,2.4e-07,5.8e-07,9.37e-05,6.29e-05,0.000317,2.8e-06,1.58e-05,3.14e-05,8.57799541857678e-05,1.37776415000043e-07,2.26e-05,0,1.26e-05,2.03485270799578e-06,0.0012,4.85e-06,1.41e-06,7.19e-06,1.77373483498349e-08,3.2e-07,2.18e-06,0.000297,5.3e-07,3.09e-05,1.82e-06,0.000132,3e-04,0.0229405082081635
0.356471205976733,0.0366275170586735,0.0955768144105555,0.125935951198051,0.0710861857413151,0.00201525939205606,0.134934759294189,0.121768082185103,0.030643309674742,0.0113574430602831,0.00878094221591526,4.16786901294791e-08,3.41007464695738e-06,3.185219247458e-05,0.000700012545583752,1.69367040798883e-06,4.73621478744081e-09,4.92566337893844e-08,0.00011958942338288,0,5.92026848430101e-05,0.000439520732274507,4.92566337893844e-07,5.2808794879965e-05,6.70932186788865e-06,2.59070948873012e-06,3.64025468562701e-06,0.000796020010228922,1.7523994713531e-05,1.00644564233117e-05,9.70153409011074e-07,6.55965748060552e-06,8.62550569727965e-09,1.10637977434617e-06,5.87053822903288e-05,1.40902389926364e-05,2.30180038669623e-07,6.4412521109195e-07,8.26469480408421e-05,5.86343390685172e-05,0.000302407314178096,2.65228028096685e-06,1.45638604713805e-05,3.26798820333416e-05,8.57799541857678e-05,1.16510883771044e-07,2.17865880222277e-05,8.80935950463991e-08,1.16984505249788e-05,2.20233987615998e-06,0.00110353804547371,4.62065114662725e-06,1.32140392569599e-06,6.97928611077278e-06,7.57794365990530e-09,3.08801204141141e-07,2.06972586211163e-06,0.000260491813309245,4.81199422403986e-07,2.78726240240892e-05,1.71735148192604e-06,0.000114379587116696,0.000273516403974707,6.24269137463607e-05
0.356056206753593,0.036673262656078,0.0953217571125996,0.126920129636113,0.0647287873511977,0.0020108055242236,0.135777249207098,0.124957200433895,0.0322686410315882,0.011825451535315,0.0086656142829636,2.57881469330632e-07,2.17808471507003e-06,3.185219247458e-05,0.000711442144999111,2.12849545942328e-06,4.89873339527246e-08,1.45536042770543e-07,0.000116180922099274,0,5.74515864063885e-05,0.000418917817546583,0,6.51117979272403e-05,6.47953727193041e-06,2.49942648565321e-06,3.60003654839794e-06,0.000796020010228922,1.67567127018633e-05,9.83839274368444e-06,9.70153409011074e-07,7.6602115208518e-06,8.62550569727965e-09,1.06470070308785e-06,5.77235312816635e-05,1.55804006141e-05,2.19153918000439e-07,8.97352687083835e-07,8.04322209689439e-05,5.35766567772122e-05,0.000318856304555456,3.8301057604259e-06,1.38181059597552e-05,2.96833196433007e-05,8.57799541857678e-05,1.37776415000043e-07,2.29806345625554e-05,0,1.1098493687091e-05,2.03485270799578e-06,0.00111743335560426,0,1.30746829259072e-06,5.74515864063885e-06,1.77373483498349e-08,2.93946035773607e-07,0,0.000261404718149068,2.96833196433007e-05,2.75984848742104e-05,1.59000358719018e-06,0.000111073067052351,0.000272895035430345,1.85900633602465e-05
0.356308464485195,0.0351364868155815,0.0950709279222875,0.128865345076119,0.0710861857413151,0.00200483146046419,0.133787799212196,0.120972872394071,0.0324505090404892,0.0113221041258769,0.008539607642234,2.57881469330632e-07,9.37610311633873e-07,3.185219247458e-05,0.000637942702229321,3.08859867361746e-06,4.89873339527246e-08,5.88304509260469e-08,8.3557624830901e-05,0,5.43262445270215e-05,0.000369712615038376,0,5.30393284130142e-05,6.47953727193041e-06,2.49942648565321e-06,3.60003654839794e-06,0.000796020010228922,1.89250093602471e-05,9.83839274368444e-06,9.70153409011074e-07,6.38907713843819e-06,1.28691611400728e-08,1.06470070308785e-06,4.14570833869487e-05,1.55804006141e-05,2.19153918000439e-07,8.97352687083835e-07,7.90850939634042e-05,5.35766567772122e-05,0.000278157725784716,3.12536770544624e-06,1.38181059597552e-05,2.95071480425954e-05,0.000130897753310454,1.37776415000043e-07,2.12363026645378e-05,0,1.1098493687091e-05,2.03485270799578e-06,0.00100811493016556,0,1.30746829259072e-06,7.04967897292549e-06,2.20614190972676e-08,2.93946035773607e-07,0,0.000269792771043668,7.96150430270833e-07,2.75984848742104e-05,1.59000358719018e-06,0.000104975585871165,0.000271797344591451,7.65624593723757e-08
0.365351325147992,0.0366290531639375,0.0986166815952165,0.126792876336707,0.0710861857413151,0.00197233363190433,0.125665828547047,0.122566447125483,0.0284579566889053,0.011834001791426,0.00798325517675562,1.50273038621282e-07,6.15180251855874e-05,3.185219247458e-05,0.000403858791294696,1.09887159491813e-06,4.89873339527246e-08,3.47506401811715e-08,5.93578502554065e-05,0,4.29217366562037e-05,0.000180327646345539,0,2.73309088992457e-05,3.65351325147992e-06,6.9501280362343e-07,1.4651621265575e-06,0.000796020010228922,1.89250093602471e-05,4.03858791294696e-06,9.70153409011074e-07,6.38907713843819e-06,8.62550569727965e-09,4.03858791294696e-07,2.93971631802883e-05,1.55804006141e-05,1.31488908793622e-07,1.01434301069366e-06,7.90850939634042e-05,2.77065914957989e-05,0.000132428115285005,1.28671289319473e-06,7.49486780123645e-06,2.95458395229284e-05,8.57799541857678e-05,1.37776415000043e-07,1.05191127034898e-05,1.59665103535112e-07,5.22198809208956e-06,2.03485270799578e-06,0.000566341514303958,0,6.4805247905428e-07,7.04967897292549e-06,1.77373483498349e-08,2.93946035773607e-07,0,0.000133367321776388,7.96150430270833e-07,2.66734643552776e-05,7.13796933451091e-07,8.92246166813863e-05,0.000147455419147133,2.88034471518372e-06
0.359377156959876,0.0366795708148753,0.0931826372749635,0.126500383627031,0.0716312765427211,0.00178420851378041,0.133111345699144,0.122706592892467,0.0302939824497664,0.0117100421930746,0.00847029515489439,2.57881469330632e-07,2.17808471507003e-06,3.185219247458e-05,0.00064935799330482,8.26370259014087e-07,4.89873339527246e-08,1.45536042770543e-07,0.000130528938639725,2.81717133754802e-05,5.54043696384445e-05,0.000328200460824345,3.28669989380603e-07,3.45573017405891e-05,6.12265237360437e-06,2.47911077704226e-06,3.31487160718151e-06,0.000796020010228922,2.06592564753522e-05,9.738022256791e-06,1.18321196177017e-06,6.12265237360437e-06,8.62550569727965e-09,1.06113453714309e-06,5.54043696384445e-05,1.55804006141e-05,2.34764278129002e-07,6.10387123135405e-07,4.22575700632204e-05,4.27270986194784e-05,0.000264344577173256,1.27711767302177e-06,1.41234189722408e-05,3.04817938722696e-05,2.86412419317382e-05,1.37776415000043e-07,1.86402836834428e-05,0,1.0911843647436e-05,2.03485270799578e-06,0.00124143350274616,1.62456880465269e-06,1.27711767302177e-06,4.31027214644848e-06,1.77373483498349e-08,3.19279418255443e-07,2.25373707003842e-06,0.000272326562629642,1.03296282376761e-07,2.5871023449816e-05,1.71847451590429e-06,8.63932543514727e-05,0.000277866999593487,1.01650705863765e-06
0.358129138509781,0.0368302191365924,0.0935355693162053,0.127822525238762,0.0710861857413151,0.00188389867706355,0.135829094616282,0.118403031853444,0.0319320825762272,0.0120569515332067,0.00772398457596056,2.57881469330632e-07,2.17808471507003e-06,3.185219247458e-05,0.000690448865143792,2.41139030664135e-06,4.89873339527246e-08,1.45536042770543e-07,0.000117743667316472,0,6.21686563430972e-05,0.000424819151677831,4.99233149421841e-07,5.64227653780534e-05,6.72551827711688e-06,2.58094118757707e-06,3.6076659665767e-06,0.000796020010228922,2.00635209107268e-05,9.60788325302411e-06,1.28105110040322e-06,6.16034867399781e-06,8.62550569727965e-09,1.14917819300877e-06,5.94370032613551e-05,1.72376728951315e-05,2.26067841247626e-07,8.97352687083835e-07,8.5905779674098e-05,5.68937400473193e-05,0.000298597940314573,2.64687764127429e-06,1.41292400779766e-05,2.97655990976041e-05,8.57799541857678e-05,1.37776415000043e-07,1.89331817044887e-05,0,1.17743667316472e-05,2.03485270799578e-06,0.00112186166219135,4.95465352067714e-06,1.30930958055917e-06,7.08345902575895e-06,1.77373483498349e-08,3.10843281715486e-07,2.08170803815522e-06,0.000277875054866874,7.96150430270833e-07,2.90120396267787e-05,1.6955088093572e-06,0.000114917819300877,0.000277875054866874,6.92866434137684e-06
0.352965270100854,0.0360680357971911,0.0951848966091647,0.126334563888557,0.0710861857413151,0.00221808776292886,0.134049651759614,0.122477019953029,0.031921176066498,0.0122477019953029,0.00916166684688009,2.57881469330632e-07,2.17808471507003e-06,3.185219247458e-05,0.000691808634324961,2.12849545942328e-06,4.89873339527246e-08,1.45536042770543e-07,0.000116180922099274,0,6.201001876362e-05,0.000427222990859777,0,6.21064573620082e-05,6.47953727193041e-06,2.49942648565321e-06,3.60003654839794e-06,0.000796020010228922,1.89250093602471e-05,9.83839274368444e-06,9.70153409011074e-07,6.38907713843819e-06,8.62550569727965e-09,1.06470070308785e-06,6.23957731571728e-05,1.55804006141e-05,2.19153918000439e-07,8.97352687083835e-07,8.37087034009676e-05,5.35766567772122e-05,0.000322104918616626,3.29299052084532e-06,1.38181059597552e-05,3.50072112149208e-05,8.57799541857678e-05,1.37776415000043e-07,1.75518249066545e-05,0,1.1098493687091e-05,2.03485270799578e-06,0.00118715914615888,0,1.30746829259072e-06,9.64385983882115e-06,1.77373483498349e-08,2.93946035773607e-07,6.19135801652318e-06,0.000298959655003456,7.96150430270833e-07,3.0571035689063e-05,1.59000358719018e-06,0.000114761932081972,0.00030088842697122,0.00138462342014267
0.361992578805783,0.0353990142083159,0.0953702164708085,0.117494600351006,0.0714570526173185,0.00178877997329256,0.124273134986641,0.12549703707363,0.0401063299275068,0.012992191384967,0.00913219249523043,2.57881469330632e-07,2.17808471507003e-06,3.185219247458e-05,0.000647726642960673,2.12849545942328e-06,4.89873339527246e-08,1.45536042770543e-07,0.000112975577260583,0,5.74292517741295e-05,0.000384116962685981,0,5.46048623426149e-05,6.59024200686732e-06,2.82438943151457e-06,3.38926731781748e-06,0.000796020010228922,1.89250093602471e-05,9.41463143838188e-06,9.70153409011074e-07,6.38907713843819e-06,8.62550569727965e-09,9.41463143838188e-07,5.83707149179677e-05,1.5063410301411e-05,2.19153918000439e-07,8.97352687083835e-07,7.90850939634042e-05,5.36633991987767e-05,0.000278673090576104,3.29299052084532e-06,1.22390208698964e-05,2.54195048836311e-05,8.57799541857678e-05,1.37776415000043e-07,1.78877997329256e-05,0,1.22390208698964e-05,2.03485270799578e-06,0.000996068006180803,0,1.12975577260583e-06,7.04967897292549e-06,1.77373483498349e-08,2.93946035773607e-07,2.35365785959547e-06,0.000260785290843178,7.96150430270833e-07,2.73024311713075e-05,1.69463365890874e-06,0.000113917040404421,0.000300326742884382,1.1961546887429e-06
0.360129947917394,0.0360412994771927,0.0938772067534208,0.127088037685284,0.0707617136332318,0.00198132798173049,0.133315068485009,0.121049704788582,0.0302860134350232,0.0119823168418939,0.00877445249052074,2.57881469330632e-07,1.41523427266464e-06,3.185219247458e-05,0.000742526248391379,2.07567693324147e-06,4.89873339527246e-08,1.45536042770543e-07,0.000122653636964268,0,5.75528604216952e-05,0.000402870022951866,0,5.28354128461464e-05,6.6044266057683e-06,2.55685658594744e-06,3.52865078651049e-06,0.000796020010228922,1.69828112719756e-05,9.81229095714147e-06,9.70153409011074e-07,5.84963499368049e-06,8.62550569727965e-09,1.10388273267842e-06,6.05720268700464e-05,1.69828112719756e-05,2.26437483626342e-07,8.97352687083835e-07,7.73661402390001e-05,5.80246051792501e-05,0.000300029665804903,3.29299052084532e-06,1.44353895811793e-05,3.01916644835122e-05,8.57799541857678e-05,1.37776415000043e-07,2.45307273928537e-05,0,1.160492103585e-05,2.03485270799578e-06,0.00108406945286111,4.81179652705976e-06,1.31145042600256e-06,7.45356716936708e-06,1.77373483498349e-08,3.1135153998622e-07,2.26437483626342e-06,0.000262290085200512,7.96150430270833e-07,2.7361195938183e-05,1.69828112719756e-06,0.000105670825692293,0.00026983800132139,1.23789126116325e-06
0.358057185840088,0.037220476491465,0.0953299959118134,0.124384755621988,0.0696934432263656,0.00191799394165202,0.131411070061703,0.125903958744088,0.0319032655641129,0.011204123025492,0.00831763709350086,2.57881469330632e-07,2.17808471507003e-06,3.185219247458e-05,0.000668829174504795,2.12849545942328e-06,4.89873339527246e-08,4.93741014682699e-07,0.000116788740011485,0,5.06844141610817e-05,0.000404898164492169,0,5.84893202008736e-05,6.00085233229742e-06,2.34526981974282e-06,3.57012733693644e-06,0.000873541795207852,1.98825708604918e-05,8.78289304964417e-06,9.70153409011074e-07,7.8049060397919e-06,8.62550569727965e-09,9.96977048878527e-07,6.01984237132368e-05,1.55804006141e-05,2.08890429288834e-07,2.85800087345178e-06,8.30814207398773e-05,5.98186229327116e-05,0.000262632239733143,2.83901083442552e-06,1.31790870842228e-05,2.65005994611426e-05,8.57799541857678e-05,1.37776415000043e-07,3.14285145884564e-05,0,1.07673521278881e-05,2.03485270799578e-06,0.00107483620888618,0,1.26283759524613e-06,8.2986470544746e-06,1.77373483498349e-08,2.81052577588613e-07,2.86749589296491e-06,0.000252187718268702,7.96150430270833e-07,2.47820009292663e-05,1.57617323917939e-06,9.92229539121963e-05,0.000270608056124172,1.75893258391735e-06
0.373941413911716,0.0343228780388401,0.100315545804597,0.118338890046192,0.0710861857413151,0.00183997017779622,0.118176266419366,0.11369714709766,0.0410601425787505,0.01179718252885,0.0108632582719383,2.57881469330632e-07,2.17808471507003e-06,3.185219247458e-05,0.000700278823867714,2.32210544917333e-06,4.89873339527246e-08,4.95073523570298e-08,0.000122745501711644,0,6.15615900892246e-05,0.000348408385627667,5.09236466075488e-07,3.77678466805059e-05,6.73211867080018e-06,2.65004390874883e-06,3.65892410774454e-06,0.000727031048599739,1.99854855351011e-05,1.04257527298994e-05,9.70153409011074e-07,6.39692903151069e-06,8.62550569727965e-09,1.11729879763163e-06,6.07118135389133e-05,1.47315491349703e-05,2.36363773808833e-07,7.43711847550296e-07,7.64798895280245e-05,5.97361441663336e-05,0.000302457505499718,2.95848132330629e-06,1.46665137942631e-05,2.8514724243782e-05,8.57799541857678e-05,9.53323396627106e-08,2.02687443852049e-05,0,1.18339252932252e-05,2.09611549076808e-06,0.00107638363039442,0,1.28885944948382e-06,7.60392646500852e-06,1.37223176272505e-08,3.16935180060579e-07,2.19368242802605e-06,0.000289685678680594,4.13085823068033e-07,2.7098429993263e-05,1.86950841068504e-06,0.000101973186037366,0.000266263319097567,1.77481266226964e-05
0.355765759037908,0.0366120490075326,0.0932875768692191,0.126536713227902,0.0719131320672086,0.00191895015555828,0.133661528161906,0.123306797124487,0.0318241733718823,0.0118746915566725,0.00855927767404953,2.57881469330632e-07,2.17808471507003e-06,3.185219247458e-05,0.000707731616777681,2.12849545942328e-06,4.89873339527246e-08,1.45536042770543e-07,0.00014249629868007,0,5.41485934984266e-05,0.000423688994742075,0,5.60485441474942e-05,6.47953727193041e-06,2.49942648565321e-06,3.60003654839794e-06,0.000796020010228922,1.8999506490676e-05,9.83839274368444e-06,9.70153409011074e-07,6.38907713843819e-06,8.62550569727965e-09,1.06470070308785e-06,5.6998519472028e-05,1.55804006141e-05,2.19153918000439e-07,8.97352687083835e-07,7.69480012872378e-05,5.98484454456294e-05,0.000300192202552681,1.61495805170746e-05,1.38181059597552e-05,2.75492844114802e-05,8.57799541857678e-05,1.37776415000043e-07,2.94492350605478e-05,0,1.1098493687091e-05,2.03485270799578e-06,0.0010877217465912,0,1.30746829259072e-06,1.4249629868007e-05,1.77373483498349e-08,2.93946035773607e-07,3.7999012981352e-06,0.000259343263597727,7.96150430270833e-07,2.8499259736014e-05,1.59000358719018e-06,0.000110197137645921,0.000260293238922261,7.94621153288322e-06
0.354806707952525,0.0366745022486593,0.0950289836911876,0.125304549349586,0.0710861857413151,0.00191013032545101,0.133900135814116,0.12243935386141,0.033140761146575,0.0117473015015237,0.00840457343198443,2.57881469330632e-07,1.91013032545101e-06,3.185219247458e-05,0.000797479410875796,2.12849545942328e-06,4.89873339527246e-08,1.45536042770543e-07,0.000103147037574354,0,5.92140400889812e-05,0.000382981130252927,0,5.15735187871772e-05,6.47953727193041e-06,2.49942648565321e-06,3.60003654839794e-06,0.000796020010228922,1.91013032545101e-05,9.83839274368444e-06,9.70153409011074e-07,5.73039097635302e-06,8.62550569727965e-09,1.06470070308785e-06,0.000183372511243297,1.55804006141e-05,2.19153918000439e-07,9.55065162725504e-07,7.73602781807658e-05,5.06184536244517e-05,0.000275058766864945,1.33709122781571e-05,1.38181059597552e-05,3.43823458581181e-05,8.57799541857678e-05,1.37776415000043e-07,1.81462380917846e-05,0,8.59558646452953e-06,2.03485270799578e-06,0.00111360597973794,0,1.30746829259072e-06,1.05057167899805e-05,1.77373483498349e-08,2.93946035773607e-07,6.39893659026087e-06,0.000296070200444906,7.96150430270833e-07,2.86519548817651e-05,1.59000358719018e-06,0.000106012233062531,0.000277923962353122,0.000658159306731854
0.356882283212922,0.0373814909961613,0.0893245985104701,0.12270793283309,0.0710861857413151,0.00167835265697051,0.142278532056818,0.117675407880773,0.0317456590628115,0.0119773348701986,0.00892569838165068,2.57881469330632e-07,2.17808471507003e-06,3.185219247458e-05,0.00076212468377888,2.12849545942328e-06,4.89873339527246e-08,1.45536042770543e-07,0.000124903767619316,0,6.28905441631846e-05,0.000445717063561372,5.41650175658663e-07,4.91299595949548e-05,6.28428636899752e-06,2.43170413367886e-06,3.85258223531866e-06,0.000796020010228922,1.9596674489059e-05,1.20631597219755e-05,9.70153409011074e-07,6.89459642607771e-06,8.62550569727965e-09,9.33583665439844e-07,6.29572968256778e-05,1.57345561590985e-05,2.38402366046947e-07,8.97352687083835e-07,8.83709890462823e-05,6.11835832222885e-05,0.000313785194190992,2.49464235831525e-06,1.47332662217013e-05,2.85892117363499e-05,8.57799541857678e-05,1.37776415000043e-07,2.09507999282057e-05,0,1.16912520309423e-05,2.03485270799578e-06,0.0011549545664564,4.44382010311509e-06,1.37319762843041e-06,7.05289559713288e-06,1.77373483498349e-08,2.93946035773607e-07,2.13608519978065e-06,0.000297859916139056,7.96150430270833e-07,2.85606034524242e-05,1.80804354410005e-06,0.000104944721533866,0.000290059390721999,0.00340166936997421
0.347,0.0358,0.0769,0.1263,0.0710861857413151,0.00188,0.101,0.1238,0.0226,0.0131,0.00919,2.57881469330632e-07,2.17808471507003e-06,3.185219247458e-05,0.0007899,2.12849545942328e-06,4.89873339527246e-08,2.4e-06,0.0001211,0,5.90270870126707e-05,0.000348,4.3e-06,5.37e-05,6.47953727193041e-06,2.49942648565321e-06,3.60003654839794e-06,0.000796020010228922,1.84e-05,9.83839274368444e-06,9.70153409011074e-07,6.38907713843819e-06,8.62550569727965e-09,1.06470070308785e-06,5.66e-05,1.55804006141e-05,2.19153918000439e-07,8.97352687083835e-07,7.86e-05,2.01e-05,0.0003021,4.7e-06,1.38181059597552e-05,2.92e-05,3.02e-05,1.37776415000043e-07,2.12363026645378e-05,0,1.58e-05,4.2e-06,0.001067,0,1.30746829259072e-06,9.1e-06,1.77373483498349e-08,2.93946035773607e-07,0,0.0003442,7.96150430270833e-07,2.79e-05,1.59000358719018e-06,9.94e-05,0.0002797,0.0666589571722324
0.332651572636627,0.0360773855059727,0.115894708231981,0.12782111398686,0.0710861857413151,0.00174597361852973,0.114639056774748,0.128593990905872,0.0430820284385881,0.0125890940129456,0.0109929131416154,2.57881469330632e-07,2.17808471507003e-06,3.185219247458e-05,0.000659503673044828,2.12849545942328e-06,4.89873339527246e-08,1.45536042770543e-07,7.83728621924474e-05,0,6.83289777280927e-05,0.00044027472113387,0,5.49511041739322e-05,6.47953727193041e-06,2.49942648565321e-06,3.60003654839794e-06,0.000796020010228922,1.93770726055038e-05,9.83839274368444e-06,9.70153409011074e-07,6.38907713843819e-06,8.62550569727965e-09,1.06470070308785e-06,3.99332302428107e-05,1.55804006141e-05,2.19153918000439e-07,8.97352687083835e-07,7.86902036399826e-05,3.66995548622605e-05,0.0002981697107252,3.29299052084532e-06,1.38181059597552e-05,2.88161044288555e-05,0.000120427010859522,1.37776415000043e-07,2.61222018076854e-05,0,1.1098493687091e-05,2.03485270799578e-06,0.00111316017031376,0,1.30746829259072e-06,7.04967897292549e-06,1.77373483498349e-08,2.93946035773607e-07,0,0.00029929445982282,7.96150430270833e-07,3.07946655495449e-05,1.59000358719018e-06,0.000110059717777313,0.000281679798136913,0.000119706517191953
0.345320326126907,0.037352959220488,0.0929933047260065,0.129373530633461,0.0710861857413151,0.00200383062484909,0.138128130450763,0.122564397442226,0.0327811126492303,0.0113809797624924,0.0095327864677287,2.57881469330632e-07,5.54457988429118e-06,3.185219247458e-05,0.000718849918331787,2.12849545942328e-06,4.89873339527246e-08,3.21001993301068e-07,0.000112837064311891,0,6.48813119793372e-05,0.000449402790621496,6.42003986602137e-07,9.14369314251528e-05,6.11849253898097e-06,2.60692527892989e-06,3.39483926248706e-06,0.000796020010228922,1.89250093602471e-05,1.04082464494589e-05,9.70153409011074e-07,6.21576587028433e-06,8.62550569727965e-09,1.01164264555488e-06,5.53485255116085e-05,1.55804006141e-05,2.04273995737044e-07,1.36182663824696e-06,7.38304584592457e-05,5.55430721742152e-05,0.00034629305943994,7.68459317296497e-06,1.32291730572562e-05,2.61665261206022e-05,8.57799541857678e-05,2.91819993910062e-07,2.82092660779727e-05,0,1.08946131059757e-05,3.50183992692075e-06,0.00118673464190092,0.000536948788794514,1.32291730572562e-06,6.32276653471802e-06,1.77373483498349e-08,2.82092660779727e-07,1.93573929293675e-06,0.000277228994214559,1.2645533069436e-06,2.72365327649391e-05,1.62446463276601e-06,0.000132291730572562,0.000258747061266922,0.00200269586164137
0.356443620220018,0.0375403387252997,0.0959364211868771,0.123333284549533,0.0710861857413151,0.00197577603858717,0.134519547098991,0.122385296197884,0.0312836156044164,0.0118498543956123,0.00881629167033554,3.22316039560654e-07,2.17808471507003e-06,3.185219247458e-05,0.000691808634324961,2.12849545942328e-06,4.89873339527246e-08,1.45536042770543e-07,0.000121816503186894,0,5.26133535165186e-05,0.000388675224176083,5.21393593406941e-07,5.3087347692343e-05,6.48424032527904e-06,2.5121691318698e-06,3.48859713406826e-06,0.000796020010228922,1.97181577142988e-05,9.29028584616003e-06,2.18037320879266e-07,6.38907713843819e-06,8.62550569727965e-09,1.08070672087984e-06,6.32308230549872e-05,1.55804006141e-05,2.36997087912246e-07,7.77350448352166e-07,8.55085493187383e-05,5.79220882857529e-05,0.000263540761758417,3.29299052084532e-06,1.4456822362647e-05,3.31795923077144e-05,8.57799541857678e-05,1.37776415000043e-07,1.73481868351764e-05,0,1.18972538131947e-05,2.18037320879266e-06,0.00116128573077,5.26133535165186e-06,1.27978427472613e-06,6.9013552000046e-06,1.77373483498349e-08,3.03356272527675e-07,2.18037320879266e-06,0.000257852831648523,7.96150430270833e-07,2.90084435604589e-05,1.64001984835274e-06,0.000116602567252825,0.00027965656373645,0.000121504426389696
0.372023542436551,0.0372023542436551,0.0950620568591083,0.124326633719156,0.0710861857413151,0.00203704407555232,0.114571774765807,0.123370274998239,0.033855098720447,0.0124326633719156,0.00838726598243843,2.57881469330632e-07,8.60722848824924e-07,3.185219247458e-05,0.000720138116850187,2.2665701685723e-06,4.89873339527246e-08,1.45536042770543e-07,0.000131977503486488,0,5.709461563872e-05,0.000441837729063461,5.25997296504121e-07,4.78179360458291e-05,6.87621920339023e-06,2.71605876740309e-06,3.92107075575799e-06,0.000796020010228922,1.88402668020567e-05,1.08068535463574e-05,9.70153409011074e-07,6.79014691850774e-06,8.62550569727965e-09,1.27195709881906e-06,6.35022190688611e-05,1.71188211044068e-05,2.39089680229146e-07,8.51159261615759e-07,9.24798883126336e-05,5.88160613363698e-05,0.00026012957208931,4.78179360458291e-06,1.55886471509403e-05,2.9934027964689e-05,0.000143453808137487,1.37776415000043e-07,2.76387670344892e-05,3.25161965111638e-06,1.1763212267274e-05,2.03485270799578e-06,0.00115719405230907,5.7381523254995e-06,1.47279243021154e-06,7.80388716267932e-06,1.77373483498349e-08,3.4428913952997e-07,2.35264245345479e-06,0.000284994898833142,7.96150430270833e-07,2.93602127321391e-05,1.73100928485901e-06,0.000102330383138074,0.000281169463949475,0.000755032947537204
0.365869358206674,0.0359361241239347,0.0973387929026262,0.123842863450725,0.0710861857413151,0.00193357098304635,0.129502095596227,0.121767811664041,0.0279188785844742,0.0118843875055532,0.00806440580733967,2.57881469330632e-07,2.17808471507003e-06,3.185219247458e-05,0.000729097741412113,2.3674454475348e-06,4.71602678791794e-08,8.48884821825229e-08,0.000120730285770699,0,6.18742714574833e-05,0.000431044848415699,1.03752589334195e-06,8.43225589679727e-05,7.06460812830107e-06,3.4709957159076e-06,4.86693964513131e-06,0.000796020010228922,1.98073125092553e-05,1.26389517916201e-05,9.70153409011074e-07,7.45132232491034e-06,2.82961607275076e-08,1.14127848267614e-06,6.00821812780745e-05,1.6034491078921e-05,2.82961607275076e-07,1.41480803637538e-06,7.31927357484864e-05,5.93276169920077e-05,0.000299939303711581,5.28195000246809e-06,1.48083241140623e-05,3.06541741214666e-05,8.57799541857678e-05,1.37776415000043e-07,2.08448384025973e-05,4.15010357336779e-07,1.2355990184345e-05,2.03485270799578e-06,0.0010573332058512,2.16937232244225e-06,1.89584276874301e-06,8.13043018237052e-06,1.77373483498349e-08,3.2068982157842e-07,2.34858134038313e-06,0.000319746616220836,7.96150430270833e-07,2.66927116196155e-05,2.05618767953222e-06,0.000157515294716459,0.000262211089408237,1.33498022201195e-05
0.356882268591657,0.0363209338226412,0.0942482585392834,0.122979209148125,0.0710861828289543,0.00190644625535303,0.138911013535582,0.120115064539144,0.0312191762378937,0.0119936055501082,0.00946957811344367,5.37027114183951e-08,1.57527953493959e-07,5.55733558661359e-06,0.000733221019899155,2.25372378919198e-06,4.89873319457412e-08,1.06510377646484e-07,0.00012503781308583,0,5.72739417277184e-05,0.000380215196842237,5.88044690031426e-07,5.05163505409037e-05,6.75848623200502e-06,2.69677115839374e-06,3.78872629056777e-06,0.000796019977616433,1.51799664275997e-05,1.00245061314338e-05,9.70153369264438e-07,6.20713839477617e-06,8.62550534389756e-09,1.13133712054752e-06,6.24115011200782e-05,1.58064980608143e-05,2.23761297576646e-07,5.844645092702e-07,7.88534812660101e-05,5.84822527346323e-05,0.000309417122288987,2.57146483175082e-06,1.49741060338292e-05,2.94469867610866e-05,8.57799506714116e-05,1.20831100691389e-07,2.12363017944985e-05,0,1.18772496753684e-05,2.01474672338012e-06,0.00125932858276136,4.24519933762413e-06,1.32287679127313e-06,6.75222091567288e-06,1.77373476231458e-08,3.14160861797611e-07,2.052338621373e-06,0.000274957882462183,5.5313792760947e-07,2.8131270331336e-05,1.83931786608003e-06,0.000115192315992457,0.000281939234946574,0
0.356151146088736,0.0360195006542382,0.0948431910532709,0.127814884908173,0.0710861857413151,0.00193544186662859,0.133473461217317,0.121468434709315,0.0321300113312481,0.0117414166178245,0.00860066412126671,2.57881469330632e-07,2.17808471507003e-06,3.185219247458e-05,0.000690248957717348,2.12849545942328e-06,4.89873339527246e-08,1.45536042770543e-07,0.000113291462235433,0,5.90270870126707e-05,0.000410612470443547,5.06689159835487e-07,5.2777242163336e-05,7.17476064258407e-06,2.60624601431812e-06,3.88375600871023e-06,0.000796020010228922,1.8789803492706e-05,1.02502944816678e-05,9.70153409011074e-07,6.32672903075513e-06,8.62550569727965e-09,1.18463459778469e-06,6.01807949560626e-05,1.55804006141e-05,2.21599820092645e-07,8.97352687083835e-07,8.04297927892458e-05,5.85562503309165e-05,0.000287097144542964,2.63778978032521e-06,1.46259219155394e-05,2.87341033469236e-05,8.57799541857678e-05,1.37776415000043e-07,2.19022498767255e-05,0,1.21244261843562e-05,2.03485270799578e-06,0.00113715153882818,4.05513913683233e-06,1.40491619163895e-06,7.11952202140796e-06,1.77373483498349e-08,3.14076509879898e-07,2.06669425905621e-06,0.000269781051128118,7.96150430270833e-07,2.90253866345948e-05,1.66084095840775e-06,0.000112278286556905,0.000274662715761026,1.40971251098021e-05
0.366309843558763,0.0354307555106641,0.0918895203894459,0.120695012674539,0.0710861857413151,0.00144027461425464,0.11397373114135,0.130968971589555,0.0388874145848752,0.015747002449184,0.00777748291697504,5.81870944158874e-06,4.03276891991299e-07,3.185219247458e-05,0.00072314268015573,2.12849545942328e-06,4.89873339527246e-08,2.14120825985856e-06,8.35839367805775e-05,5.14850165442225e-05,5.71596985243857e-05,0.000416450603796348,0,5.98578129684228e-05,6.47953727193041e-06,2.49942648565321e-06,3.60003654839794e-06,0.000796020010228922,1.90884395542548e-05,9.83839274368444e-06,9.70153409011074e-07,6.45243027186078e-06,8.62550569727965e-09,1.06470070308785e-06,6.00690532451801e-05,1.55804006141e-05,2.19153918000439e-07,9.98590399216549e-07,8.34207056576286e-05,4.63000279329058e-05,0.000303197009962125,7.68146460935807e-07,1.38181059597552e-05,3.0735460268194e-05,8.57799541857678e-05,1.37776415000043e-07,2.0922389229739e-05,2.20842107519045e-07,9.83227469997833e-06,1.46908010653973e-06,0.00108105092179801,5.71308930321006e-06,1.30746829259072e-06,1.19638811290752e-05,1.77373483498349e-08,2.93946035773607e-07,4.65688791942333e-06,0.000278923581796553,3.5910847048749e-06,2.78837165319698e-05,4.12878722752996e-07,0.000108049401561383,0.000268601613727728,0.00104777527769118
0.356223348717834,0.0349576796065371,0.0964734461868794,0.125703278585158,0.0710861857413151,0.00192178179655138,0.135209067569076,0.120744144095521,0.0324453014529968,0.0119525453200147,0.0085214617222693,2.57881469330632e-07,2.17808471507003e-06,3.185219247458e-05,0.000721183773700965,2.12849545942328e-06,4.89873339527246e-08,1.45536042770543e-07,0.000116180922099274,0,5.21224721406131e-05,0.000425041886125072,0,5.89658902454058e-05,6.47953727193041e-06,2.49942648565321e-06,3.60003654839794e-06,0.000796020010228922,1.87490906980623e-05,9.83839274368444e-06,9.70153409011074e-07,6.38907713843819e-06,8.62550569727965e-09,1.06470070308785e-06,5.77235312816635e-05,1.55804006141e-05,2.19153918000439e-07,8.97352687083835e-07,7.93086536528034e-05,5.35766567772122e-05,0.000295298178494481,5.06225448847681e-06,1.38181059597552e-05,2.9811054209919e-05,8.57799541857678e-05,1.37776415000043e-07,2.48425451749325e-05,0,1.1098493687091e-05,2.03485270799578e-06,0.00112991395091872,0,1.30746829259072e-06,7.49963627922491e-06,1.77373483498349e-08,2.93946035773607e-07,1.87490906980623e-06,0.000275662731601336,7.96150430270833e-07,3.12172360122737e-05,1.59000358719018e-06,0.000102182544304439,0.000276174105982457,2.31464919053792e-06
0.35260924619606,0.0370901559624059,0.0951827289146291,0.124440215202194,0.0710861857413151,0.00192043359938748,0.140522126298701,0.125197239138415,0.0279014659830774,0.0119839089054184,0.00718748856214722,2.57881469330632e-07,4.37744924782307e-07,3.185219247458e-05,0.000765313231830238,2.12849545942328e-06,7.80857100019363e-07,1.45536042770543e-07,9.73632376899325e-05,0,6.16099991145852e-05,0.000438944972291757,0,5.96348544310014e-05,6.47953727193041e-06,2.49942648565321e-06,3.60003654839794e-06,0.000796020010228922,2.15315660944466e-05,9.83839274368444e-06,9.70153409011074e-07,5.23172179662654e-06,8.62550569727965e-09,1.06470070308785e-06,5.86825687171331e-05,1.55804006141e-05,2.19153918000439e-07,1.33832350070311e-06,9.03279131335884e-05,4.73072816437277e-05,0.000309440592761664,2.9164204407599e-06,1.38181059597552e-05,3.3388571821893e-05,8.57799541857678e-05,1.37776415000043e-07,2.20568430076827e-05,1.07749328311296e-06,1.01356188278657e-05,2.03485270799578e-06,0.00111051654343871,8.62820845367361e-06,1.30746829259072e-06,9.83395923400002e-06,1.77373483498349e-08,2.93946035773607e-07,0,0.000307234729997618,1.49683477256662e-06,2.98873300537449e-05,5.52688494949373e-07,0.000106866076725539,0.000283476735370965,1.87381934768638e-05
0.358035470462059,0.0362734098683346,0.0958520157142521,0.126862961974745,0.0710861857413151,0.00206739641736622,0.129682138907518,0.124983510686231,0.0308230011316419,0.0123104059397716,0.00789369541176194,1.00550643935539e-05,2.16136898179196e-05,3.185219247458e-05,0.000505572396610467,2.34931411064343e-06,4.89873339527246e-08,6.57807950980162e-08,0.000125923236330488,0,5.98605235391947e-05,0.000291314949719786,4.98054591456408e-07,6.02364137968977e-05,7.86550364243422e-06,3.37361506288397e-06,4.67983370840172e-06,0.000796020010228922,1.82306774985931e-05,1.09008174733855e-05,2.81917693277212e-07,5.80750448151057e-06,8.62550569727965e-09,1.48476651792665e-06,7.07613410125802e-05,1.78547872408901e-05,3.85287514145523e-07,1.08068449089598e-06,4.90536786302349e-05,6.68144933066993e-05,0.000251846472660976,1.36260218417319e-05,1.65391713389298e-05,3.24205347268794e-05,8.57799541857678e-05,1.37776415000043e-07,2.33991685420086e-05,0,1.31561590196032e-05,2.63123180392065e-06,0.000939725644257374,2.2177525204474e-06,1.71969792899099e-06,7.70575028291046e-06,3.7589025770295e-08,4.13479283473245e-07,2.14257446890681e-06,0.00022553415462177,5.63835386554424e-07,3.41120408865427e-05,2.72520436834638e-06,0.000102430095224054,0.00020392046480385,3.02882388691916e-06
0.341051349509561,0.0349956084483701,0.0908282967362277,0.12270793283309,0.105788251492783,0.00171861385000902,0.130009130622444,0.115850602013561,0.0329475194043179,0.010685681968968,0.00863759292491578,2.57881469330632e-07,2.17808471507003e-06,3.185219247458e-05,0.000698131221972574,2.12849545942328e-06,2.93856254146619e-05,1.45536042770543e-07,0.000100623505207782,8.54854557517438e-05,5.75245879329442e-05,0.000398041653344057,0,5.16474628500119e-05,6.46483759122562e-06,2.44880211788849e-06,3.17008565079383e-06,0.000917187702336417,1.86999434456939e-05,9.52806642232977e-06,9.70153409011074e-07,7.02583589459644e-06,8.62550569727965e-09,1.00623505207782e-06,4.87979476582871e-05,1.55804006141e-05,2.04808904405219e-07,8.97352687083835e-07,8.25468932102776e-05,5.08460367023393e-05,0.000306322883110415,3.29299052084532e-06,1.23775816140546e-05,2.69813469716441e-05,8.01426147672598e-05,1.37776415000043e-07,1.65628070519004e-05,0,9.88425582129537e-06,2.03485270799578e-06,0.00104007304497955,5.25379363474259e-06,1.28228183627616e-06,5.82369667308754e-06,1.77373483498349e-08,2.93856254146619e-07,1.93232748938837e-06,0.000231523109327639,7.96150430270833e-07,2.24399321348327e-05,1.62956650026762e-06,0.00011130918717675,0.000271594416711269,4.92855643918766e-06
0.355783562337308,0.0365002702768047,0.0939787886766183,0.126245780184206,0.0710861857413151,0.00197553009230128,0.134147900553411,0.121918428553451,0.0329255015383547,0.0118531805538077,0.00871114697843328,2.57881469330632e-07,1.41109292307235e-06,3.185219247458e-05,0.000742234877536054,2.1636758153776e-06,3.76291446152626e-08,1.78738436922497e-07,0.000111946705230406,0,5.92659027690385e-05,0.000658510030767095,4.70364307690782e-07,5.26808024613676e-05,6.30288172305648e-06,2.35182153845391e-06,3.38662301537363e-06,0.000796020010228922,1.92849366153221e-05,9.40728615381564e-06,6.86731889228542e-07,6.49102744613279e-06,8.62550569727965e-09,1.03480147691972e-06,6.11473599998017e-05,1.52398035691813e-05,2.25774867691575e-07,8.46655753843408e-07,7.61990178459067e-05,5.59733526152031e-05,0.000275633484306798,3.01033156922101e-06,1.29820548922656e-05,2.82218584614469e-05,9.03099470766302e-05,1.5051657846105e-07,2.06960295383944e-05,0,1.11005976615025e-05,2.53996726153022e-06,0.00103292001968896,4.70364307690782e-06,1.21353991384222e-06,6.54747116305569e-06,5.64437169228938e-08,2.91625870768285e-07,1.97553009230128e-06,0.000281277855999088,3.76291446152626e-07,2.44589439999207e-05,1.59923864614866e-06,9.68950473843011e-05,0.000257759640614549,3.38783145048538e-06
0.357233326794532,0.0362711786063195,0.0929448951786938,0.12723249370498,0.069614215189733,0.0019835800800331,0.133183233945079,0.125815650790671,0.0297537012004965,0.0119959366744859,0.00916225084586717,3.77824777149162e-08,1.22793052573478e-06,3.185219247458e-05,0.000736852771635153,2.36140485718226e-06,4.89873339527246e-08,9.8234442058782e-08,0.000127657546579273,0.000108624623430384,6.90852605017242e-05,0.000471336409493579,5.41233993266174e-07,5.32732935780318e-05,7.10971774400435e-06,2.71467102381673e-06,3.93976786372288e-06,0.000539344869380428,1.88817932380294e-05,1.03722346946874e-05,9.70153409011074e-07,6.74417227211253e-06,8.62550569727965e-09,1.16653399944804e-06,6.2851151678763e-05,1.66242901945631e-05,2.35195923775353e-07,6.98975837725949e-07,8.70527177790526e-05,6.37012574273486e-05,0.000325968326485439,2.64477344004413e-06,1.55796046857457e-05,3.03204383662202e-05,8.57799541857678e-05,1.41684291430936e-07,2.5030891486132e-05,0,1.27997588878707e-05,7.8398641258451e-07,0.00113970844027045,5.13747240728573e-06,1.38189412242306e-06,7.23062167269208e-06,7.55649554298323e-09,3.27762994176898e-07,2.22633249935143e-06,0.000290641709821993,3.11705441148058e-07,3.07643824793705e-05,1.77199820482957e-06,0.000114291995087621,0.000290925078404854,3.46821670604847e-07
0.356882283212922,0.0362655584753755,0.0935269665943895,0.124066384257864,0.0710861857413151,0.00190871360396713,0.133609952277699,0.12082157113112,0.0332116167090281,0.0118340243445962,0.00892569838165068,2.57881469330632e-07,1.33609952277699e-06,3.185219247458e-05,0.000625103705299236,2.12849545942328e-06,4.89873339527246e-08,1.45536042770543e-07,0.000129792525069765,0.000127883811465798,5.7261408119014e-05,0.000414190852060868,5.34439809110797e-07,5.22311644650437e-05,5.86929433219894e-06,2.49942648565321e-06,3.81742720793427e-06,0.000796020010228922,1.89250093602471e-05,9.83839274368444e-06,9.70153409011074e-07,6.29875489309154e-06,8.62550569727965e-09,1.24066384257864e-06,5.95518644437746e-05,1.55804006141e-05,1.90871360396713e-07,8.97352687083835e-07,7.90850939634042e-05,5.22414913405804e-05,0.0002729460453673,3.29299052084532e-06,1.38181059597552e-05,2.98713679020856e-05,8.57799541857678e-05,1.14522816238028e-07,2.08049782832418e-05,0,1.15477173040012e-05,2.03485270799578e-06,0.00111468874471681,4.58091264952112e-06,1.02116177812242e-06,6.3941905732899e-06,1.77373483498349e-08,2.93946035773607e-07,1.87053933188779e-06,0.000298713679020856,7.96150430270833e-07,2.75984848742104e-05,1.52697088317371e-06,0.000128838168267781,0.000304439819832758,0.0030342522982727
0.354282011675725,0.0360987962843141,0.093788866327378,0.126090771950705,0.0692318620523344,0.00188900032884951,0.13544132357851,0.12590187191782,0.0316407555082292,0.0124674021704067,0.00850050147982278,2.57881469330632e-07,2.17808471507003e-06,3.185219247458e-05,0.000684762619207946,2.36125041106188e-06,4.89873339527246e-08,1.45536042770543e-07,0.000114284519895395,0,5.85590101943347e-05,0.000404898164492169,0,5.28920092077862e-05,5.30809092406711e-06,2.33291540612914e-06,3.24908056562115e-06,0.000796020010228922,1.98345034529198e-05,9.83839274368444e-06,9.70153409011074e-07,6.38907713843819e-06,8.62550569727965e-09,9.44500164424753e-07,5.57255097010604e-05,1.70010029596456e-05,1.79455031240703e-07,8.97352687083835e-07,8.21715143049535e-05,5.14752589611491e-05,0.0002861835498207,3.29299052084532e-06,1.29396522526191e-05,3.02240052615921e-05,8.57799541857678e-05,1.37776415000043e-07,1.95511534035924e-05,0,9.63390167713248e-06,2.03485270799578e-06,0.00110978769319909,0,1.1334001973097e-06,7.04967897292549e-06,1.77373483498349e-08,9.91725172645991e-08,0,0.000275662731601336,7.96150430270833e-07,2.83350049327426e-05,1.58676027623359e-06,0.000108617518908847,0.000277683048340877,1.7042943076806e-06
0.357236489623053,0.0363704429214759,0.0956130200513026,0.125234308616216,0.0710861857413151,0.00196850335399741,0.133764489816871,0.122234684457744,0.0314960536639585,0.0117172818690322,0.00862391945560768,2.57881469330632e-07,2.13723221291147e-06,3.185219247458e-05,0.000701705828921609,2.12849545942328e-06,4.89873339527246e-08,1.45536042770543e-07,0.000114445035471211,0,5.96175301496357e-05,0.000404161860052153,5.34308053227867e-07,4.35789147273045e-05,6.04611744442061e-06,2.33408254831121e-06,3.67453959412849e-06,0.000796020010228922,1.68728858914063e-05,9.54255435413981e-06,9.70153409011074e-07,3.10273623891972e-06,8.62550569727965e-09,1.03112080447483e-06,5.90363529689317e-05,1.55804006141e-05,2.06224160894966e-07,8.97352687083835e-07,7.72309482551649e-05,5.60179811594691e-05,0.000286295378275185,2.05286778345444e-06,1.36576637465439e-05,3.07461476243404e-05,8.57799541857678e-05,1.37776415000043e-07,2.2300330853142e-05,0,1.12204691177852e-05,2.03485270799578e-06,0.00107853361382968,4.59317449266062e-06,1.24671879086502e-06,5.84926710902087e-06,1.77373483498349e-08,2.79339999757727e-07,2.01537248147354e-06,0.000285836060825919,7.96150430270833e-07,2.71372248086785e-05,1.58417650869315e-06,0.000109917477757017,0.000271222266878862,2.18051922284968e-06
0.358014996761479,0.0367965072707131,0.0956521451756548,0.12324952562869,0.0710861857413151,0.00187737281993434,0.133950550702315,0.121653758731745,0.0324785497848641,0.0118274487655864,0.0087297836126947,2.57881469330632e-07,2.17808471507003e-06,3.185219247458e-05,0.000646754936467381,2.43119780181498e-06,4.89873339527246e-08,1.45536042770543e-07,0.000118556093578854,0,6.40184131597611e-05,0.000427665528381044,5.91372438279318e-07,4.55262908834078e-05,6.43000190827513e-06,2.54384017101104e-06,3.67965072707131e-06,0.000796020010228922,1.90553341223336e-05,1.01378132276455e-05,9.70153409011074e-07,6.38306758777677e-06,8.62550569727965e-09,1.12642369196061e-06,5.97943243149088e-05,1.55804006141e-05,2.25284738392121e-07,1.54883257644583e-06,8.25856303489118e-05,5.88556379049417e-05,0.000302726367214413,3.29299052084532e-06,1.44557707134944e-05,2.98502278369561e-05,8.57799541857678e-05,1.37776415000043e-07,1.93369400453237e-05,0,1.1696032668191e-05,2.03485270799578e-06,0.00110201784530146,5.25664389581616e-06,1.30746829259072e-06,6.85241079276035e-06,1.77373483498349e-08,2.93946035773607e-07,1.97124146093106e-06,0.00027935307560623,7.96150430270833e-07,3.01318337599462e-05,1.7271829943396e-06,0.000110295653171143,0.00026621146586669,2.65989191949867e-06
0.358264613591895,0.0360754193311361,0.0954307576993961,0.123624073692297,0.0710861857413151,0.00189489897892973,0.134653381581556,0.121867275927994,0.0322330113867521,0.0116775380803652,0.00854724388215304,2.57881469330632e-07,2.17808471507003e-06,3.185219247458e-05,0.000693794197292813,2.21149836212225e-06,4.89873339527246e-08,3.66390977581851e-08,0.00011837246968029,0,6.21173626608e-05,0.000405190842643724,5.19523616930164e-07,4.83166358385503e-05,6.70965220997329e-06,2.58446558801967e-06,3.82080027134715e-06,0.000796020010228922,1.84980470476581e-05,9.98650279921816e-06,9.70153409011074e-07,6.38741604251028e-06,8.62550569727965e-09,1.14990399117996e-06,5.88762117052683e-05,1.65345671934374e-05,2.26410834864683e-07,6.98021785495681e-07,7.46122344603863e-05,5.9195629480596e-05,0.000292736996447449,2.69250395320407e-06,1.46274551819216e-05,2.74511393972864e-05,8.57799541857678e-05,1.14614613499964e-07,2.19270908122062e-05,0,1.18184576871274e-05,2.29980798235993e-06,0.0010651643343136,4.55734008269118e-06,1.32370483952007e-06,7.10610603699775e-06,1.77373483498349e-08,3.16599383192523e-07,2.17485926436407e-06,0.000276202429254011,2.77141893299093e-07,2.82778677569583e-05,1.68445903283143e-06,0.000110387025297096,0.000264553075094998,2.93443861243414e-06
0.318683643992024,0.0406879162622773,0.103216093092496,0.122859858416669,0.0710861857413151,0.00247465403009608,0.151462254997082,0.127473457596809,0.0348369900670889,0.0117498108018128,0.00928474845400388,1.88956141057724e-06,7.71171255890405e-06,3.185219247458e-05,0.000912456735980774,2.55138748839363e-06,1.91833645743882e-08,4.79584114359705e-08,0.000105863397403761,0,6.52713979643558e-05,0.000401987404656304,4.98767478934093e-07,7.42108458560207e-05,6.80050274162061e-06,2.60893758211679e-06,3.68320599828253e-06,0.000796020010228922,2.31926877704353e-05,1.15196104269201e-05,9.70153409011074e-07,6.38907713843819e-06,6.13867666380422e-10,9.97534957868185e-07,5.19293679028688e-05,1.65168768985482e-05,2.1101701031827e-07,6.3305103095481e-07,7.90850939634042e-05,6.13004414974574e-05,0.000233921947620089,2.74322113413751e-06,1.29583627699992e-05,3.41751639892726e-05,8.57799541857678e-05,2.39792057179852e-07,2.0708442058052e-05,0,1.18745026715463e-05,2.03485270799578e-06,0.00141672024886543,5.40970880997747e-06,1.34283552020717e-06,6.1674517106658e-06,1.91833645743882e-08,2.78158786328629e-07,1.84160299914127e-06,0.000298896003433542,7.96150430270833e-07,2.3624313473359e-05,1.84160299914127e-06,0.000147779048998799,0.000238247796331614,0.000970767475935608
0.357005624476109,0.0357766830498446,0.0961022603200612,0.12540869218004,0.0710861857413151,0.00199816580863494,0.138444345312563,0.116464521417579,0.0324464067021197,0.0109423365710961,0.00903932151525328,2.57881469330632e-07,2.17808471507003e-06,3.185219247458e-05,0.000808781398733188,1.96010550751808e-06,4.89873339527246e-08,1.45536042770543e-07,0.000123695978629782,0,5.80419592032053e-05,0.000390118086447773,4.85268839239913e-07,5.13814065077555e-05,6.75570344824193e-06,2.09331656142708e-06,3.83457533752323e-06,0.000796020010228922,1.9030150558428e-05,1.09423365710961e-05,1.23695978629782e-06,5.80419592032053e-06,8.62550569727965e-09,1.04665828071354e-06,6.27994968428123e-05,1.50338189411581e-05,2.18846731421922e-07,8.97352687083835e-07,8.18296474012402e-05,5.89934667311267e-05,0.000304482408934847,3.29299052084532e-06,1.44629144244053e-05,2.75937183097205e-05,8.57799541857678e-05,1.37776415000043e-07,1.95059043223887e-05,0,1.17986933462253e-05,1.99816580863494e-06,0.00118938440990175,4.18663312285415e-06,1.18938440990175e-06,7.04115570661835e-06,1.77373483498349e-08,3.23512559493275e-07,2.09331656142708e-06,0.000285452258376419,2.94967333655633e-07,2.66422107817991e-05,1.55095727051188e-06,9.99082904317468e-05,0.000275937183097205,0.000386890314776456
0.356882283212922,0.0355537851719604,0.0952453548219949,0.127793918617011,0.0710861857413151,0.00187226251918236,0.122570786255805,0.123598130304792,0.0326157732187819,0.0134130807143475,0.00892569838165068,2.57881469330632e-07,2.11229617548779e-06,3.185219247458e-05,0.000643290198898554,2.12849545942328e-06,4.89873339527246e-08,1.45536042770543e-07,0.00011713642427705,0,6.14486160141903e-05,0.000440701792976771,0,5.22311644650437e-05,7.39303661420727e-06,2.49942648565321e-06,3.72532234586028e-06,0.000796020010228922,1.89250093602471e-05,9.83839274368444e-06,9.70153409011074e-07,6.81695583907423e-06,8.62550569727965e-09,1.06470070308785e-06,6.08725352390572e-05,1.55804006141e-05,1.92026925044345e-07,8.97352687083835e-07,7.90850939634042e-05,5.56878082628599e-05,0.000259236348809865,3.29299052084532e-06,1.38181059597552e-05,3.36047118827603e-05,8.57799541857678e-05,2.68837695062082e-07,2.16030290674888e-05,0,1.16176289651828e-05,2.03485270799578e-06,0.00112335751150942,4.80067312610861e-06,1.18096558902272e-06,6.81695583907423e-06,1.77373483498349e-08,2.93946035773607e-07,0,0.000291880926067404,7.96150430270833e-07,2.75984848742104e-05,1.3921952065715e-06,0.00010988334881565,0.000326445772575386,0.00570608947650975
0.346189141153063,0.038046175320263,0.0952895303717494,0.125515678066205,0.0710861857413151,0.00191030759090116,0.14321660702426,0.120556406635639,0.032824207201498,0.0120546996253418,0.00872342431904125,2.57881469330632e-07,2.17808471507003e-06,3.185219247458e-05,0.000669454591215312,2.16438791087323e-06,4.89873339527246e-08,1.45536042770543e-07,0.00010986621243237,0,5.88901719401943e-05,0.000396271195334225,4.98750257722962e-07,5.18512060387457e-05,6.0979276793298e-06,2.39023708418174e-06,3.40655836407004e-06,0.000796020010228922,1.92912835534353e-05,9.02455655011926e-06,9.70153409011074e-07,5.12865831054744e-06,8.62550569727965e-09,1.0163212798883e-06,5.45896272651114e-05,1.55804006141e-05,1.97618026644947e-07,8.97352687083835e-07,7.03331967211589e-05,5.50225048472861e-05,0.000320799929920298,3.29299052084532e-06,1.32498181674327e-05,2.78547313747164e-05,8.57799541857678e-05,1.37776415000043e-07,1.96676988422829e-05,0,1.08595810832509e-05,2.51257205305719e-06,0.00107278357321543,3.9900020617837e-06,1.21393930653325e-06,6.20144188376287e-06,1.77373483498349e-08,2.82311466635639e-07,1.83502453313165e-06,0.000267913581837222,7.96150430270833e-07,2.49751544150329e-05,1.54330268427483e-06,0.000115088974565129,0.000233236323352144,1.01501517693059e-05
0.358949078288214,0.0358949078288213,0.0962806121450156,0.121519219212156,0.06730295217904,0.00196300277188867,0.137410194032207,0.123388745661573,0.0317819496401022,0.0120584455987447,0.00869329798979267,3.73905289883556e-08,2.17808471507003e-06,3.185219247458e-05,0.000682377154037489,2.43038438424311e-06,4.89873339527246e-08,6.54334257296223e-08,0.000114975876639193,7.47810579767112e-05,6.04791806386652e-05,0.000420643451119,4.67381612354445e-07,4.88881166522749e-05,6.15074201858449e-06,2.45842728098438e-06,3.68296710535303e-06,0.000729115315272934,1.96300277188867e-05,9.14198433765294e-06,9.70153409011074e-07,6.54334257296223e-06,8.62550569727965e-09,1.12171586965067e-06,5.71140330297132e-05,1.86952644941778e-05,1.86952644941778e-07,7.75853476508378e-07,8.03896373249645e-05,5.64596987724169e-05,0.000284168020311502,2.71081335165578e-06,1.46757826279296e-05,2.89776599659756e-05,8.57799541857678e-05,1.37776415000043e-07,1.86952644941778e-05,0,1.15910639863902e-05,1.86952644941778e-06,0.0011778016631332,4.58033980107356e-06,1.3460590435808e-06,6.730295217904e-06,1.77373483498349e-08,2.71081335165578e-07,2.0190885653712e-06,0.000266407519042034,7.96150430270833e-07,2.72950861614996e-05,1.77605012694689e-06,0.000107497770841522,0.000280428967412667,3.5154982525043e-07
0.358949036198646,0.0347780862037443,0.129903499453986,0.124515345253406,0.0710861857413151,0.00207688852822361,0.0966928762904103,0.120008889012921,0.032824207201498,0.0108742748411708,0.00892569838165068,2.57881469330632e-07,2.17808471507003e-06,3.185219247458e-05,0.000765117896482375,2.12849545942328e-06,4.89873339527246e-08,1.95932880021095e-06,0.000114620734812341,0,5.90270870126707e-05,0.00040264206844335,0,0.000100905433210864,6.47953727193041e-06,2.49942648565321e-06,3.60003654839794e-06,0.000796020010228922,1.94953215620989e-05,9.83839274368444e-06,9.70153409011074e-07,6.38907713843819e-06,8.62550569727965e-09,1.06470070308785e-06,5.33917098057483e-05,1.55804006141e-05,2.19153918000439e-07,8.97352687083835e-07,8.18019774088071e-05,6.13269914466027e-05,0.000289000998031115,3.29299052084532e-06,1.02864762011075e-05,3.26228245235123e-05,8.57799541857678e-05,1.37776415000043e-07,2.12363026645378e-05,0,1.1098493687091e-05,2.03485270799578e-06,0.00122458050013184,0,1.30746829259072e-06,5.19222132055901e-06,1.77373483498349e-08,2.93946035773607e-07,0,0.000689683737674254,7.96150430270833e-07,2.69407710029005e-05,1.59000358719018e-06,0.000113641070412235,0.000319370594434385,0.00398578696573038
0.357372355296135,0.0375691916096015,0.0921145095604258,0.119969636622809,0.0642593824980431,0.0112585444423472,0.135752642850398,0.126733782148918,0.0287758024256588,0.013161899836222,0.00858107017159541,6.57625259482898e-08,2.17808471507003e-06,3.185219247458e-05,0.000681111875893001,2.96776884958068e-06,2.16076870972952e-08,1.587695269323e-07,0.00011932140600989,0,6.54806865513685e-05,0.000333509953023469,4.84763762704536e-07,5.12008237740256e-05,6.55652383704449e-06,2.56755690595251e-06,3.57372355296135e-06,0.000796020010228922,1.362223751786e-05,1.0202586168549e-05,1.46462539933405e-06,6.15913028738554e-06,8.62550569727965e-09,1.12453919371575e-06,6.08960990281163e-05,1.44677557086237e-05,2.17016335629356e-07,8.65246948548212e-07,7.64160551519127e-05,5.98157146732516e-05,0.000201045436470486,5.95714538625865e-06,1.43362306567272e-05,2.85785148478139e-05,6.69838300016151e-05,1.95408648532061e-07,2.22653123567781e-05,0,1.20439368951011e-05,2.62768264396238e-06,0.00110894408041945,4.7659042019382e-06,1.42141002513946e-06,6.57813152414178e-06,1.77373483498349e-08,3.23175841803024e-07,2.04145669836619e-06,0.000226410982193398,4.71611257514878e-07,2.83154647440208e-05,1.75585944281934e-06,0.000112735758768497,0.000260043816892666,9.92509343933357e-07
0.356882278510696,0.0396256440074254,0.101729992293781,0.125901360591839,0.0710861848046944,0.00177873913564091,0.122537944926443,0.123726925444035,0.0303479529359555,0.0112460979310745,0.0102334792608578,2.57881465932825e-07,1.44934837337733e-06,3.18521920549004e-05,0.000666448909817859,2.14228636216195e-06,2.03519741228466e-08,1.45536040852982e-07,0.000114725812505201,0,6.2678753890885e-05,0.00046821389517109,4.81910310127294e-07,5.22162926095659e-05,8.43600077591202e-06,3.00492340417792e-06,3.85291094070913e-06,0.000796019999740684,1.87508584255453e-05,1.23974660480718e-05,1.76358876889673e-06,6.37068714566932e-06,8.6255055836313e-09,1.04054056406938e-06,5.73715907820469e-05,1.36626923132654e-05,2.56564235246322e-07,7.65890980707892e-07,8.95043598961109e-05,5.58113424839994e-05,0.00026864583585055,2.09333513505744e-06,1.34840346656453e-05,2.99965577765197e-05,8.57799530555442e-05,1.0093242420496e-07,2.19942298503526e-05,6.11951765263293e-08,1.15069143872934e-05,3.24439800875442e-06,0.00116183457836276,5.40123387927894e-06,1.66597977267703e-06,5.87485326870309e-06,6.48334257003549e-09,3.26596524925527e-07,2.0127724122519e-06,0.000399343355721767,3.10805452886913e-07,2.75345732615843e-05,1.83444632206834e-06,0.000103851860340817,0.000286844019977239,1.11022302462516e-16
0.353831188138071,0.0360802303133337,0.0949578907463195,0.126045295454936,0.0710861857413151,0.00195944853920977,0.13669037646122,0.122088716673839,0.0315584259920804,0.0117755320865972,0.00866679161573551,3.57976175432554e-08,2.4964128023586e-06,3.185219247458e-05,0.000743271585306013,2.42104939700438e-06,4.42760006456053e-09,7.0653192519583e-08,0.00011568282721873,0,6.24574221873113e-05,0.000437107751054487,4.88920092235514e-07,5.43558561117325e-05,6.69509652315568e-06,2.58402276108288e-06,3.6767921387191e-06,0.00121523491133683,1.94060768787121e-05,9.86318567573378e-06,9.70153409011074e-07,6.23161158022722e-06,8.62550569727965e-09,1.07958078169923e-06,5.77472093526725e-05,1.54494980976155e-05,2.19495918094171e-07,6.82980861022635e-07,8.10156607557885e-05,5.85950476629075e-05,0.000304279749117671,2.68199518804337e-06,1.43284674429714e-05,2.93917280881465e-05,8.57799541857678e-05,8.66679161573551e-08,2.16669790393388e-05,0,1.20298835796677e-05,2.47003561048462e-06,0.00112479882491176,6.54342766988031e-06,1.37349806258069e-06,6.72712597043123e-06,7.53634053542218e-09,3.09932004519237e-07,1.99901432702073e-06,0.000291091153180682,3.62686388267193e-07,2.67540089007487e-05,1.68437210966686e-06,0.000111914656951019,0.000276960514676765,6.97118138659469e-06
0.362494779099706,0.0358075282720542,0.0943754628968039,0.119902858286889,0.0710861857413151,0.00192152016485399,0.13239273935844,0.123063758958074,0.0317723359258608,0.0122881214542413,0.00896389156904388,2.57881469330632e-07,1.71015294672005e-06,3.185219247458e-05,0.000730465890669245,2.33752928054488e-06,4.89873339527246e-08,5.09202843686308e-08,0.000122016530468229,0,6.23245065470393e-05,0.000427538236680013,5.32261085664556e-07,5.22311644650437e-05,6.50146347778349e-06,2.98123853577097e-06,3.67682883544812e-06,0.000796020010228922,2.06563417721804e-05,9.84106552429973e-06,9.70153409011074e-07,6.41115203003535e-06,8.62550569727965e-09,1.27108558905092e-06,5.84142130115614e-05,1.70727066647277e-05,2.34425460112187e-07,7.84940987342856e-07,8.18279362203073e-05,5.80299089785906e-05,0.000290466595720154,2.72855863409267e-06,1.46708064586602e-05,3.09364746541493e-05,8.57799541857678e-05,1.3738869178706e-07,2.11367218133939e-05,5.09202843686308e-08,1.14013398981612e-05,2.03485270799578e-06,0.00116569020800867,5.37064886076691e-06,1.36427931704634e-06,7.02603848278863e-06,2.20974818958209e-07,2.69012823079559e-07,2.08484937886658e-06,0.000269973583161986,7.96150430270833e-07,2.86306504563245e-05,1.7581909508414e-06,0.00011529120989124,0.000285345744480818,0.00109158476867222
0.354627873986697,0.0363364401743191,0.0944108644653326,0.124941741033724,0.0710861857413151,0.00196337021624423,0.136778327026392,0.12240532974958,0.0327103114495809,0.011667491907059,0.00852046309154793,5.82435183766231e-07,2.17808471507003e-06,3.185219247458e-05,0.000650072818010051,1.34335856900921e-06,4.89873339527246e-08,1.45536042770543e-07,0.000120244683100125,0,6.17193412474861e-05,0.000404898164492169,0,5.33585781256805e-05,6.5570928753037e-06,2.49883482067448e-06,3.76704046274611e-06,0.000796020010228922,1.89250093602471e-05,1.0427468612589e-05,9.70153409011074e-07,6.38907713843819e-06,8.62550569727965e-09,1.06153509299329e-06,6.22829881995179e-05,1.69094085609551e-05,2.19153918000439e-07,7.60923385242979e-07,7.90850939634042e-05,5.99344592327186e-05,0.000300611707750313,2.4048936620025e-06,1.45608795941558e-05,2.95458395229284e-05,8.57799541857678e-05,1.37776415000043e-07,2.12363026645378e-05,0,1.16487036753246e-05,2.25458780812735e-06,0.000995776281922911,0,1.3621468007436e-06,7.54347504135941e-06,1.77373483498349e-08,2.93946035773607e-07,2.17943488118977e-06,0.000257398774761205,7.96150430270833e-07,2.70550536975282e-05,1.7285173195643e-06,0.000122123506273565,0.000271797344591451,3.08708976426431e-06
0.357078603614291,0.0360000070152175,0.0905654626744085,0.129769658795692,0.0710861857413151,0.00184712077879127,0.132125680197212,0.125528820272957,0.0307225190758139,0.0119308923772946,0.00863246241516734,1.3193719848509e-07,2.94973879470238e-06,3.185219247458e-05,0.000715288097501312,2.40314182954986e-06,4.89873339527246e-08,3.95811595455271e-07,0.000118743478636581,0,5.90270870126707e-05,0.000404898164492169,0,5.22311644650437e-05,6.76649346516392e-06,2.74240891136867e-06,3.72251381440077e-06,0.000796020010228922,1.89250093602471e-05,1.03947664235039e-05,9.70153409011074e-07,6.38907713843819e-06,8.62550569727965e-09,1.11204210151719e-06,5.89947758940476e-05,1.03664941666857e-05,2.26178054545869e-07,9.23560389395633e-07,7.90850939634042e-05,5.70157179167712e-05,0.000287584810129252,2.58219945606534e-06,1.42303692651776e-05,2.95458395229284e-05,8.57799541857678e-05,1.41361284091168e-07,2.12363026645378e-05,5.83350899016221e-06,1.1497384439415e-05,2.03485270799578e-06,0.0011020233396206,0,1.34764424166914e-06,7.77487062501426e-06,1.77373483498349e-08,3.01570739394492e-07,1.96963389167028e-06,0.000275662731601336,7.96150430270833e-07,2.75984848742104e-05,1.7057594947001e-06,0.00010988334881565,0.000271797344591451,9.60912084146948e-06
0.368953646553368,0.0370594298395221,0.0934206460537954,0.123241906002786,0.0710861857413151,0.0019272833695189,0.0236446883090701,0.130576584825191,0.122662852411543,0.0119671075523457,0.00887882173238551,2.57881469330632e-07,2.17808471507003e-06,0.000684248326984927,0.000691808634324961,2.12849545942328e-06,4.89873339527246e-08,1.45536042770543e-07,8.58929493676425e-05,0,6.0800627080466e-05,0.000377349923626384,0,1.25461611435882e-05,6.47953727193041e-06,2.49942648565321e-06,3.60003654839794e-06,0.000796020010228922,1.83366970560136e-05,9.83839274368444e-06,9.70153409011074e-07,6.38907713843819e-06,8.62550569727965e-09,1.06470070308785e-06,5.30799125305656e-05,1.55804006141e-05,2.19153918000439e-07,8.97352687083835e-07,7.90850939634042e-05,5.11497338930905e-05,0.000286631527665054,4.82544659368778e-06,1.38181059597552e-05,2.79875902433891e-05,8.57799541857678e-05,1.37776415000043e-07,2.12363026645378e-05,0,1.1098493687091e-05,2.03485270799578e-06,0.00104133137491782,0,1.30746829259072e-06,8.685803868638e-06,1.77373483498349e-08,2.93946035773607e-07,1.7371607737276e-05,0.000282771170390104,7.96150430270833e-07,2.41272329684389e-05,1.59000358719018e-06,9.45787532362805e-05,0.000255748669465452,0.00143605372851296
0.355131951085036,0.0366013431480399,0.0939764215963187,0.124642411801433,0.0722134608055923,0.00197845098097513,0.134534666706309,0.122663960820458,0.0326444411860897,0.0118707058858508,0.00890302941438809,2.57881469330632e-07,2.07737353002389e-06,3.185219247458e-05,0.00071362726883773,2.47306372621891e-06,4.89873339527246e-08,1.78060588287762e-07,0.000126620862782408,0,5.90270870126707e-05,0.000449602985426599,4.94612745243783e-07,5.6880465703035e-05,6.92457843341296e-06,2.76983137336518e-06,3.95690196195026e-06,0.000628158186459604,1.9487742162605e-05,1.04857901991682e-05,1.48383823573135e-06,6.42996568816918e-06,8.62550569727965e-09,1.18707058858508e-06,6.20244382535704e-05,1.55804006141e-05,1.97845098097513e-07,7.91380392390053e-07,9.39764215963187e-05,6.17276706064241e-05,0.000362056529518449,2.47306372621891e-06,1.45416147101672e-05,3.05670676560658e-05,0.000104857901991682,1.37776415000043e-07,2.52252500074329e-05,0,1.20685509839483e-05,9.89225490487566e-08,0.0011576905915176,4.94612745243783e-06,1.38491568668259e-06,6.92457843341296e-06,1.77373483498349e-08,2.93946035773607e-07,2.17629607907264e-06,0.000307154514796389,7.96150430270833e-07,3.0863835303212e-05,1.78060588287762e-06,0.000120190897094239,0.000289150610869515,5.42755622201518e-06
0.354534039028644,0.0363537175545009,0.0965704853702722,0.125285752364573,0.0710861857413151,0.00186696620391989,0.137226754481015,0.118557092441816,0.0334537598976507,0.0116566925422409,0.00870934995635723,2.57881469330632e-07,7.58158864535994e-06,3.185219247458e-05,0.000683290676663065,2.12849545942328e-06,4.89873339527246e-08,1.45536042770543e-07,0.00011576138162884,0,4.16987375494797e-05,0.000332642201815167,0,4.07510389688097e-05,6.28229389126138e-06,2.42800376367652e-06,3.41171489041197e-06,0.000796020010228922,1.70585744520599e-05,9.35094189547082e-06,9.70153409011074e-07,6.63389006468995e-06,8.62550569727965e-09,1.03109605576895e-06,5.81223539524907e-05,1.55804006141e-05,2.06598290586058e-07,8.97352687083835e-07,7.86589821956094e-05,5.58289233872693e-05,0.000313688230201768,3.29299052084532e-06,1.38837842068154e-05,2.74832588394298e-05,8.57799541857678e-05,1.37776415000043e-07,1.90961264005003e-05,0,1.09544478939644e-05,2.03485270799578e-06,0.00113913369396533,0,1.20262949887022e-06,7.21672469180199e-06,1.77373483498349e-08,2.90943464265688e-07,0,0.000234081549425488,7.96150430270833e-07,2.71515643361953e-05,1.55043487797611e-06,0.000101403748131689,0.000301368148653058,9.71479424224375e-05
0.355610214139584,0.0370899188314375,0.0954145240167515,0.126181225133924,0.0694610184731247,0.00194415350617713,0.134769476059269,0.122878051701098,0.0316160885713272,0.0118914243581708,0.00858825092534559,2.57881469330632e-07,2.17808471507003e-06,3.185219247458e-05,0.000493682863631679,2.12849545942328e-06,4.89873339527246e-08,1.45536042770543e-07,0.000149020310012315,0,5.68145830445939e-05,0.000410631645892073,0,5.02082361789434e-05,6.47953727193041e-06,2.49942648565321e-06,3.60003654839794e-06,0.000796020010228922,2.00077933645414e-05,9.83839274368444e-06,9.70153409011074e-07,6.38907713843819e-06,8.62550569727965e-09,1.06470070308785e-06,5.14351291682785e-05,1.55804006141e-05,2.19153918000439e-07,8.97352687083835e-07,7.295294467354e-05,6.33265535264493e-05,0.000303136944749561,3.29299052084532e-06,1.38181059597552e-05,2.9445431744042e-05,8.57799541857678e-05,1.37776415000043e-07,2.12363026645378e-05,0,1.1098493687091e-05,2.03485270799578e-06,0.00113619728450808,0,1.30746829259072e-06,7.64448708739552e-06,1.77373483498349e-08,2.93946035773607e-07,0,0.000270577092340284,7.96150430270833e-07,2.83129151385019e-05,1.59000358719018e-06,0.000118064856127553,0.000271332103410643,1.28128260734606e-06
